total_clicks,avg_clicks_per_day,click_trend,days_active,unique_activities,click_intensity,engagement_consistency,avg_score,score_std,num_assessments,submissions_missed,max_score,min_score,score_range,score_per_click,gender,region,highest_education,imd_band,age_band,disability,num_of_prev_attempts,studied_credits,registered_early,registration_gap,actual_at_risk,predicted_at_risk,error_type
122.0,6.777777777777778,0.03131416390950247,18.0,7.0,17.428571428571427,0.06666666666666667,58.666666666666664,4.092676385936225,9.0,3.0,62.0,48.0,14.0,0.4808743169398907,0.0,6.0,2.0,2.0,1.0,0.0,0.0,60.0,1.0,-88.0,1,0,False Negative
1074.0,15.342857142857143,-0.03902291964003364,70.0,7.0,153.42857142857142,0.25925925925925924,64.125,24.97677492620466,8.0,2.0,94.0,29.0,65.0,0.05970670391061453,1.0,10.0,2.0,7.0,1.0,0.0,0.0,60.0,1.0,-25.0,1,0,False Negative
648.0,18.514285714285716,-0.012657654288704356,35.0,8.0,81.0,0.12962962962962962,80.0,19.57890020745122,4.0,2.0,100.0,55.0,45.0,0.12345679012345678,0.0,2.0,2.0,3.0,1.0,0.0,0.0,60.0,1.0,-5.0,0,1,False Positive
741.0,17.642857142857142,-0.04584331068734519,42.0,8.0,92.625,0.15555555555555556,73.5,9.848857801796102,4.0,1.0,86.0,62.0,24.0,0.09919028340080972,1.0,6.0,0.0,8.0,0.0,0.0,0.0,90.0,1.0,-102.0,1,0,False Negative
1906.0,31.24590163934426,0.34946424642959395,61.0,11.0,173.27272727272728,0.22592592592592592,83.0,6.737952211169206,11.0,2.0,93.0,73.0,20.0,0.04354669464847849,1.0,6.0,0.0,7.0,1.0,0.0,0.0,90.0,1.0,-25.0,1,0,False Negative
4406.0,45.422680412371136,0.4498037089405765,97.0,13.0,338.9230769230769,0.3592592592592593,70.33333333333333,13.282478775599166,12.0,1.0,88.0,49.0,39.0,0.015963080647601754,1.0,0.0,0.0,9.0,0.0,0.0,0.0,120.0,1.0,-22.0,1,0,False Negative
399.0,10.783783783783784,-0.0014754876894916965,37.0,7.0,57.0,0.13703703703703704,79.66666666666667,13.00256384974389,6.0,4.0,96.0,68.0,28.0,0.19966583124477863,1.0,10.0,0.0,7.0,0.0,1.0,0.0,30.0,1.0,-22.0,0,1,False Positive
234.0,6.157894736842105,-0.022330920516794594,38.0,7.0,33.42857142857143,0.14074074074074075,68.8,27.07930739307948,10.0,2.0,100.0,40.0,60.0,0.294017094017094,0.0,4.0,3.0,1.0,0.0,0.0,0.0,60.0,1.0,-36.0,1,0,False Negative
362.0,19.05263157894737,-0.017978532586563838,19.0,7.0,51.714285714285715,0.07037037037037037,63.5,12.58116506074514,8.0,4.0,80.0,43.0,37.0,0.17541436464088397,0.0,5.0,0.0,0.0,0.0,1.0,1.0,120.0,1.0,-46.0,0,1,False Positive
10855.0,54.54773869346734,-0.2832213831014605,199.0,9.0,1206.111111111111,0.737037037037037,99.8,0.44721359549995715,5.0,5.0,100.0,99.0,1.0,0.009193919852602487,0.0,4.0,4.0,2.0,1.0,0.0,0.0,30.0,1.0,-67.0,1,0,False Negative
362.0,8.227272727272727,-0.03148884123939932,44.0,7.0,51.714285714285715,0.16296296296296298,53.625,23.83237593814647,8.0,2.0,100.0,27.0,73.0,0.1481353591160221,1.0,9.0,2.0,5.0,0.0,0.0,0.0,120.0,1.0,-85.0,0,1,False Positive
112.0,8.615384615384615,-0.04737338916300444,13.0,5.0,22.4,0.04814814814814815,92.0,10.95445115010332,5.0,7.0,100.0,80.0,20.0,0.8214285714285714,0.0,3.0,2.0,1.0,1.0,1.0,3.0,120.0,1.0,-22.0,0,1,False Positive
1130.0,13.614457831325302,-0.07507173059137721,83.0,10.0,113.0,0.3074074074074074,56.38461538461539,17.289392034512865,13.0,1.0,80.0,33.0,47.0,0.04989788972089857,1.0,4.0,1.0,2.0,1.0,0.0,0.0,60.0,1.0,-142.0,0,1,False Positive
1042.0,15.101449275362318,-0.04961432824089748,69.0,8.0,130.25,0.25555555555555554,79.75,12.996794476587937,4.0,6.0,89.0,61.0,28.0,0.07653550863723609,1.0,6.0,0.0,4.0,0.0,0.0,0.0,150.0,1.0,-28.0,1,0,False Negative
291.0,15.31578947368421,-0.08114493730618849,19.0,8.0,36.375,0.07037037037037037,82.0,12.083045973594572,5.0,1.0,100.0,66.0,34.0,0.281786941580756,0.0,10.0,0.0,0.0,0.0,0.0,0.0,60.0,1.0,-57.0,1,0,False Negative
2658.0,27.978947368421053,0.08489155494276973,95.0,11.0,241.63636363636363,0.35185185185185186,66.75,13.253644438760642,12.0,1.0,84.0,46.0,38.0,0.025112866817155757,1.0,12.0,0.0,4.0,0.0,0.0,0.0,60.0,1.0,-55.0,1,0,False Negative
578.0,12.565217391304348,-0.036196348842473386,46.0,6.0,96.33333333333333,0.17037037037037037,59.833333333333336,13.40770922516843,6.0,4.0,85.0,50.0,35.0,0.10351787773933104,1.0,11.0,0.0,4.0,0.0,0.0,0.0,60.0,1.0,-25.0,1,0,False Negative
582.0,8.558823529411764,-0.04916207432391679,68.0,8.0,72.75,0.2518518518518518,52.6,27.116415692344,5.0,1.0,100.0,33.0,67.0,0.09037800687285223,0.0,9.0,2.0,3.0,0.0,0.0,0.0,90.0,1.0,-142.0,1,0,False Negative
1170.0,16.47887323943662,0.03577795098980339,71.0,8.0,146.25,0.26296296296296295,58.22222222222222,13.131810402394805,9.0,1.0,78.0,38.0,40.0,0.04976258309591643,1.0,9.0,0.0,9.0,0.0,0.0,0.0,90.0,1.0,-24.0,1,0,False Negative
1444.0,25.333333333333332,0.023943200494899022,57.0,9.0,160.44444444444446,0.2111111111111111,87.0,10.424330514074594,4.0,1.0,98.0,75.0,23.0,0.06024930747922438,1.0,6.0,1.0,8.0,1.0,0.0,0.0,30.0,1.0,-30.0,1,0,False Negative
350.0,9.722222222222221,-0.038982328646247476,36.0,9.0,38.888888888888886,0.13333333333333333,73.0,9.327379053088814,5.0,2.0,80.0,58.0,22.0,0.20857142857142857,1.0,0.0,4.0,9.0,0.0,0.0,1.0,60.0,1.0,-39.0,1,0,False Negative
865.0,15.175438596491228,-0.012716720666964039,57.0,10.0,86.5,0.2111111111111111,89.66666666666667,8.386497083606086,3.0,2.0,95.0,80.0,15.0,0.10366088631984587,1.0,11.0,0.0,2.0,0.0,0.0,0.0,30.0,1.0,-185.0,0,1,False Positive
3538.0,24.4,-0.05462924929337137,145.0,9.0,393.1111111111111,0.5370370370370371,73.85714285714286,20.128160798812623,7.0,0.0,92.0,36.0,56.0,0.020875393684890577,1.0,7.0,0.0,4.0,0.0,0.0,0.0,60.0,1.0,-67.0,1,0,False Negative
535.0,12.738095238095237,0.020149998202493514,42.0,7.0,76.42857142857143,0.15555555555555556,53.75,38.55191305240247,4.0,2.0,83.0,1.0,82.0,0.10046728971962617,0.0,1.0,0.0,4.0,1.0,0.0,3.0,120.0,1.0,-17.0,0,1,False Positive
1953.0,32.01639344262295,0.16399450720447073,61.0,11.0,177.54545454545453,0.22592592592592592,59.0,18.498648599289623,11.0,2.0,77.0,22.0,55.0,0.030209933435739886,0.0,10.0,0.0,3.0,0.0,0.0,0.0,60.0,1.0,-14.0,0,1,False Positive
3051.0,28.25,0.08384640407722853,108.0,12.0,254.25,0.4,71.33333333333333,10.102504939895157,12.0,1.0,86.0,52.0,34.0,0.023380312465858186,1.0,0.0,0.0,3.0,0.0,0.0,0.0,60.0,1.0,-89.0,1,0,False Negative
1996.0,48.68292682926829,0.3761288302373487,41.0,10.0,199.6,0.15185185185185185,61.25,9.23555382992566,12.0,1.0,81.0,49.0,32.0,0.03068637274549098,1.0,4.0,0.0,2.0,0.0,0.0,0.0,60.0,1.0,-22.0,1,0,False Negative
583.0,12.404255319148936,-0.03243331119292797,47.0,7.0,83.28571428571429,0.17407407407407408,61.5,18.218122845123204,6.0,4.0,92.0,40.0,52.0,0.10548885077186965,1.0,6.0,0.0,9.0,0.0,1.0,0.0,120.0,1.0,-43.0,1,0,False Negative
1328.0,11.649122807017545,0.0047379361439669684,114.0,9.0,147.55555555555554,0.4222222222222222,61.714285714285715,17.308131862550294,7.0,0.0,83.0,39.0,44.0,0.04647160068846816,0.0,0.0,2.0,5.0,0.0,0.0,0.0,60.0,1.0,-29.0,1,0,False Negative
661.0,12.96078431372549,-0.021747494271309103,51.0,8.0,82.625,0.18888888888888888,49.42857142857143,14.432107063270918,7.0,0.0,69.0,24.0,45.0,0.07477847417333046,0.0,12.0,1.0,1.0,1.0,0.0,0.0,70.0,1.0,-190.0,1,0,False Negative
183.0,8.318181818181818,-0.006014924719614183,22.0,7.0,26.142857142857142,0.08148148148148149,68.16666666666667,17.76982460990166,6.0,6.0,100.0,53.0,47.0,0.3724954462659381,0.0,9.0,0.0,7.0,0.0,0.0,0.0,60.0,1.0,-128.0,0,1,False Positive
2128.0,18.666666666666668,0.07932948727337745,114.0,13.0,163.69230769230768,0.4222222222222222,74.0,7.745966692414835,11.0,2.0,91.0,65.0,26.0,0.03477443609022556,1.0,2.0,2.0,2.0,0.0,0.0,0.0,120.0,1.0,-98.0,1,0,False Negative
366.0,9.631578947368421,0.0007631518143914917,38.0,8.0,45.75,0.14074074074074075,66.375,7.229651246281327,8.0,4.0,80.0,60.0,20.0,0.18135245901639344,0.0,6.0,0.0,7.0,0.0,0.0,0.0,60.0,1.0,-29.0,0,1,False Positive
1252.0,9.072463768115941,-0.03596613525365718,138.0,10.0,125.2,0.5111111111111111,83.11111111111111,17.33092932046955,9.0,5.0,100.0,44.0,56.0,0.06638267660631877,1.0,4.0,2.0,2.0,0.0,0.0,0.0,60.0,1.0,-21.0,1,0,False Negative
2419.0,37.796875,0.20025699567420022,64.0,12.0,201.58333333333334,0.23703703703703705,71.91666666666667,9.76504278567486,12.0,1.0,86.0,57.0,29.0,0.02972991594322723,0.0,11.0,2.0,0.0,0.0,1.0,0.0,60.0,1.0,-25.0,1,0,False Negative
947.0,9.019047619047619,-0.03525868593944685,105.0,9.0,105.22222222222223,0.3888888888888889,79.66666666666667,7.174027227901123,6.0,1.0,88.0,68.0,20.0,0.08412530799014432,1.0,8.0,0.0,1.0,0.0,0.0,0.0,120.0,1.0,-121.0,1,0,False Negative
190.0,7.916666666666667,0.03156014221305833,24.0,7.0,27.142857142857142,0.08888888888888889,73.8,8.843076387773657,5.0,7.0,81.0,60.0,21.0,0.38842105263157894,0.0,12.0,0.0,2.0,0.0,0.0,0.0,120.0,1.0,-229.0,0,1,False Positive
693.0,12.6,0.006767701258895313,55.0,8.0,86.625,0.2037037037037037,46.142857142857146,21.201803779784484,14.0,0.0,69.0,7.0,62.0,0.06658420944135231,1.0,9.0,2.0,6.0,0.0,0.0,0.0,60.0,1.0,-36.0,1,0,False Negative
199.0,6.862068965517241,0.020519339352581493,29.0,7.0,28.428571428571427,0.10740740740740741,77.44444444444444,18.371929070671314,9.0,3.0,100.0,40.0,60.0,0.3891680625348967,0.0,8.0,2.0,8.0,0.0,0.0,1.0,60.0,1.0,-22.0,1,0,False Negative
359.0,10.257142857142858,0.003655221912261803,35.0,7.0,51.285714285714285,0.12962962962962962,64.75,15.819292019556373,4.0,6.0,78.0,42.0,36.0,0.18036211699164345,0.0,3.0,2.0,6.0,0.0,0.0,0.0,60.0,1.0,-7.0,0,1,False Positive
214.0,16.46153846153846,-0.12200270478351602,13.0,6.0,35.666666666666664,0.04814814814814815,73.83333333333333,16.594175685060907,6.0,4.0,94.0,52.0,42.0,0.3450155763239875,0.0,9.0,0.0,8.0,0.0,0.0,1.0,90.0,1.0,-60.0,0,1,False Positive
2605.0,16.28125,-0.01302266254805519,160.0,9.0,289.44444444444446,0.5925925925925926,58.111111111111114,16.77382219743345,9.0,1.0,84.0,33.0,51.0,0.022307528257624228,1.0,11.0,2.0,6.0,1.0,0.0,0.0,60.0,1.0,-92.0,1,0,False Negative
1487.0,34.58139534883721,0.4413968972138593,43.0,12.0,123.91666666666667,0.15925925925925927,72.45454545454545,14.05961334008611,11.0,2.0,96.0,43.0,53.0,0.04872531637830898,1.0,1.0,0.0,9.0,0.0,0.0,0.0,60.0,1.0,-25.0,1,0,False Negative
1620.0,46.285714285714285,0.42079262640321463,35.0,9.0,180.0,0.12962962962962962,71.16666666666667,12.481501463681314,12.0,1.0,93.0,53.0,40.0,0.04393004115226338,1.0,8.0,2.0,3.0,0.0,0.0,1.0,120.0,1.0,-74.0,1,0,False Negative
540.0,11.25,-0.03186880418616913,48.0,7.0,77.14285714285714,0.17777777777777778,80.81818181818181,11.668917531786587,11.0,1.0,100.0,60.0,40.0,0.14966329966329966,0.0,11.0,0.0,3.0,0.0,0.0,0.0,60.0,1.0,-92.0,1,0,False Negative
182.0,12.133333333333333,0.0637881567890369,15.0,6.0,30.333333333333332,0.05555555555555555,70.22222222222223,16.991010695201286,9.0,3.0,100.0,40.0,60.0,0.38583638583638585,0.0,9.0,2.0,5.0,0.0,0.0,0.0,120.0,1.0,-29.0,1,0,False Negative
740.0,24.666666666666668,-0.040894575576332914,30.0,9.0,82.22222222222223,0.1111111111111111,63.0,35.4682957019364,5.0,1.0,90.0,1.0,89.0,0.08513513513513514,0.0,12.0,2.0,0.0,0.0,0.0,0.0,60.0,1.0,-49.0,1,0,False Negative
1038.0,21.183673469387756,0.1141538327681907,49.0,9.0,115.33333333333333,0.1814814814814815,68.88888888888889,17.481736501592486,9.0,4.0,89.0,40.0,49.0,0.06636694497966174,1.0,2.0,1.0,0.0,1.0,0.0,0.0,60.0,1.0,-22.0,0,1,False Positive
1776.0,13.155555555555555,-0.061043564445467484,135.0,8.0,222.0,0.5,63.125,31.997488740747855,8.0,2.0,92.0,13.0,79.0,0.03554335585585586,1.0,8.0,2.0,7.0,0.0,0.0,0.0,30.0,1.0,-150.0,1,0,False Negative
405.0,8.617021276595745,-0.031388058646735315,47.0,9.0,45.0,0.17407407407407408,82.83333333333333,9.410986487434071,6.0,4.0,92.0,68.0,24.0,0.2045267489711934,1.0,0.0,0.0,6.0,0.0,0.0,0.0,60.0,1.0,-18.0,0,1,False Positive
386.0,14.846153846153847,-0.03131845160102981,26.0,7.0,55.142857142857146,0.0962962962962963,78.27272727272727,24.63367982698042,11.0,1.0,100.0,37.0,63.0,0.2027790861987753,0.0,9.0,0.0,4.0,1.0,0.0,0.0,60.0,1.0,-23.0,1,0,False Negative
43.0,6.142857142857143,-0.3874195854181559,7.0,4.0,10.75,0.025925925925925925,44.2,26.309694030908073,5.0,1.0,68.0,1.0,67.0,1.0279069767441862,0.0,0.0,2.0,8.0,0.0,0.0,0.0,60.0,1.0,-140.0,0,1,False Positive
1209.0,21.210526315789473,-0.10797028758186666,57.0,5.0,241.8,0.2111111111111111,71.42857142857143,10.737118528064887,7.0,3.0,86.0,55.0,31.0,0.05908070424199457,0.0,1.0,0.0,9.0,0.0,0.0,0.0,150.0,1.0,-23.0,0,1,False Positive
637.0,13.0,-0.04961537698643331,49.0,8.0,79.625,0.1814814814814815,59.833333333333336,15.34166440340378,6.0,1.0,74.0,39.0,35.0,0.09392987964416537,0.0,9.0,2.0,7.0,1.0,0.0,0.0,60.0,1.0,-26.0,1,0,False Negative
579.0,15.64864864864865,-0.1291734182714884,37.0,6.0,96.5,0.13703703703703704,84.8,6.534523701081816,5.0,5.0,94.0,78.0,16.0,0.1464594127806563,1.0,12.0,0.0,3.0,0.0,0.0,0.0,30.0,1.0,-45.0,1,0,False Negative
540.0,14.594594594594595,-0.026171348029047074,37.0,7.0,77.14285714285714,0.13703703703703704,46.111111111111114,10.57644132547007,9.0,1.0,60.0,33.0,27.0,0.08539094650205761,1.0,0.0,2.0,8.0,0.0,0.0,0.0,30.0,1.0,-95.0,0,1,False Positive
1891.0,18.00952380952381,0.05583184582004313,105.0,9.0,210.11111111111111,0.3888888888888889,55.214285714285715,13.63918885152165,14.0,0.0,75.0,36.0,39.0,0.029198458865301806,1.0,12.0,0.0,1.0,1.0,0.0,0.0,60.0,1.0,-121.0,1,0,False Negative
666.0,15.488372093023257,0.06085162343551605,43.0,7.0,95.14285714285714,0.15925925925925927,57.77777777777778,22.928027486996008,9.0,1.0,100.0,20.0,80.0,0.08675342008675342,1.0,5.0,2.0,1.0,0.0,1.0,0.0,30.0,1.0,-34.0,1,0,False Negative
1592.0,24.875,-0.05796568530690005,64.0,10.0,159.2,0.23703703703703705,63.5,11.704699910719626,4.0,1.0,70.0,46.0,24.0,0.03988693467336683,1.0,11.0,2.0,0.0,0.0,0.0,0.0,90.0,1.0,-150.0,1,0,False Negative
1478.0,11.824,-0.061058600941864744,125.0,11.0,134.36363636363637,0.46296296296296297,83.6923076923077,14.510827080635432,13.0,1.0,97.0,48.0,49.0,0.05662537732903092,1.0,4.0,2.0,2.0,1.0,0.0,0.0,60.0,1.0,-16.0,1,0,False Negative
557.0,23.208333333333332,0.04757121057985758,24.0,6.0,92.83333333333333,0.08888888888888889,74.66666666666667,23.551362310207587,6.0,4.0,100.0,40.0,60.0,0.13405146618791144,0.0,7.0,2.0,6.0,1.0,1.0,0.0,30.0,1.0,-25.0,0,1,False Positive
2065.0,14.44055944055944,-0.03917265057930388,143.0,9.0,229.44444444444446,0.5296296296296297,57.111111111111114,17.560213868603967,9.0,1.0,80.0,28.0,52.0,0.027656712402475116,1.0,1.0,0.0,3.0,0.0,0.0,0.0,30.0,1.0,-114.0,1,0,False Negative
1378.0,34.45,0.08752723876725121,40.0,9.0,153.11111111111111,0.14814814814814814,78.66666666666667,2.516611478423582,3.0,2.0,81.0,76.0,5.0,0.05708756652152879,1.0,4.0,0.0,3.0,0.0,0.0,0.0,30.0,1.0,-41.0,1,0,False Negative
5.0,5.0,0.0,1.0,3.0,1.6666666666666667,0.003703703703703704,89.33333333333333,13.955285736952861,9.0,3.0,100.0,65.0,35.0,17.866666666666667,0.0,11.0,0.0,0.0,0.0,0.0,1.0,60.0,1.0,-31.0,0,1,False Positive
1761.0,44.025,0.07140187998278871,40.0,7.0,251.57142857142858,0.14814814814814814,62.666666666666664,23.531893251500186,9.0,1.0,100.0,26.0,74.0,0.03558584137800492,1.0,0.0,1.0,7.0,0.0,0.0,0.0,30.0,1.0,-8.0,1,0,False Negative
1490.0,23.650793650793652,-0.039970740745398387,63.0,8.0,186.25,0.23333333333333334,82.75,14.127396551853893,4.0,6.0,98.0,66.0,32.0,0.05553691275167785,1.0,3.0,0.0,3.0,1.0,0.0,0.0,120.0,1.0,-22.0,0,1,False Positive
1994.0,24.925,-0.08038792538144152,80.0,9.0,221.55555555555554,0.2962962962962963,48.285714285714285,21.36753211232941,7.0,0.0,75.0,18.0,57.0,0.0242155036538186,0.0,3.0,3.0,5.0,0.0,0.0,0.0,75.0,1.0,-64.0,0,1,False Positive
1415.0,15.380434782608695,-0.0312337675069293,92.0,8.0,176.875,0.34074074074074073,69.5,14.896308267486948,6.0,1.0,83.0,42.0,41.0,0.049116607773851594,1.0,1.0,0.0,1.0,0.0,0.0,0.0,60.0,1.0,-82.0,1,0,False Negative
441.0,31.5,0.24265731410046992,14.0,6.0,73.5,0.05185185185185185,86.66666666666667,16.32993161855452,6.0,4.0,100.0,60.0,40.0,0.19652305366591083,0.0,9.0,2.0,8.0,1.0,0.0,0.0,30.0,1.0,-29.0,0,1,False Positive
604.0,18.303030303030305,0.0855643796948558,33.0,6.0,100.66666666666667,0.12222222222222222,73.5,11.07700320483839,6.0,4.0,90.0,57.0,33.0,0.1216887417218543,1.0,9.0,1.0,6.0,0.0,0.0,0.0,30.0,1.0,-17.0,1,0,False Negative
2820.0,31.685393258426966,0.08086201692128024,89.0,12.0,235.0,0.3296296296296296,65.0,15.649571588675867,12.0,1.0,80.0,38.0,42.0,0.02304964539007092,1.0,7.0,2.0,4.0,0.0,1.0,0.0,60.0,1.0,-73.0,1,0,False Negative
349.0,12.03448275862069,0.004376310314765607,29.0,6.0,58.166666666666664,0.10740740740740741,56.285714285714285,10.435744434622857,7.0,0.0,70.0,38.0,32.0,0.16127711829717561,0.0,11.0,0.0,2.0,0.0,0.0,0.0,60.0,1.0,-91.0,0,1,False Positive
505.0,12.317073170731707,-0.0405150087987561,41.0,7.0,72.14285714285714,0.15185185185185185,83.66666666666667,9.669539802906861,9.0,3.0,100.0,73.0,27.0,0.1656765676567657,0.0,7.0,1.0,4.0,0.0,0.0,1.0,60.0,1.0,-46.0,1,0,False Negative
1308.0,22.94736842105263,-0.09717365221048874,57.0,9.0,145.33333333333334,0.2111111111111111,75.85714285714286,19.995237528209657,7.0,0.0,100.0,36.0,64.0,0.05799475753604194,0.0,6.0,0.0,5.0,0.0,0.0,0.0,60.0,1.0,-39.0,1,0,False Negative
719.0,25.678571428571427,-0.08190608306103424,28.0,7.0,102.71428571428571,0.1037037037037037,80.6,11.260550608207398,5.0,1.0,100.0,72.0,28.0,0.1121001390820584,0.0,11.0,2.0,2.0,1.0,0.0,0.0,60.0,1.0,-149.0,1,0,False Negative
681.0,11.163934426229508,0.0060593281527512085,61.0,10.0,68.1,0.22592592592592592,55.0,14.352700094407323,14.0,0.0,80.0,20.0,60.0,0.08076358296622614,0.0,7.0,1.0,4.0,0.0,0.0,0.0,60.0,1.0,-16.0,1,0,False Negative
1238.0,18.205882352941178,0.08223416811619322,68.0,10.0,123.8,0.2518518518518518,66.0,11.078234188139946,12.0,1.0,90.0,53.0,37.0,0.05331179321486268,0.0,11.0,0.0,1.0,0.0,0.0,0.0,120.0,1.0,-87.0,1,0,False Negative
2471.0,27.764044943820224,-0.1161193299419681,89.0,7.0,353.0,0.3296296296296296,81.16666666666667,8.818541073594124,6.0,4.0,91.0,68.0,23.0,0.03284769998651019,0.0,0.0,4.0,9.0,1.0,0.0,0.0,120.0,1.0,-156.0,0,1,False Positive
150.0,18.75,0.07449123695630712,8.0,7.0,21.428571428571427,0.02962962962962963,60.63636363636363,21.74521891024658,11.0,1.0,100.0,33.0,67.0,0.40424242424242424,0.0,8.0,2.0,2.0,1.0,0.0,0.0,60.0,1.0,-79.0,1,0,False Negative
1799.0,16.207207207207208,-0.02269234335112126,111.0,8.0,224.875,0.4111111111111111,91.9,10.354279845122552,10.0,2.0,100.0,69.0,31.0,0.05108393551973319,1.0,6.0,2.0,0.0,0.0,1.0,0.0,60.0,1.0,-68.0,1,0,False Negative
6139.0,46.86259541984733,0.019777141512812006,131.0,13.0,472.2307692307692,0.48518518518518516,72.08333333333333,8.670308092809758,12.0,1.0,90.0,64.0,26.0,0.011741868925449312,0.0,0.0,2.0,2.0,1.0,0.0,0.0,60.0,1.0,-7.0,1,0,False Negative
347.0,9.914285714285715,-0.020691780732285253,35.0,9.0,38.55555555555556,0.12962962962962962,57.57142857142857,28.330532074407774,7.0,0.0,95.0,22.0,73.0,0.16591189790037053,0.0,12.0,1.0,0.0,0.0,0.0,0.0,60.0,1.0,-32.0,1,0,False Negative
602.0,6.473118279569892,0.007440828451429525,93.0,7.0,86.0,0.34444444444444444,71.18181818181819,21.404757330173975,11.0,1.0,100.0,48.0,52.0,0.11824222289338569,0.0,0.0,2.0,5.0,0.0,0.0,0.0,120.0,1.0,-170.0,1,0,False Negative
673.0,12.236363636363636,0.045627422868982234,55.0,9.0,74.77777777777777,0.2037037037037037,59.57142857142857,18.237846572966,7.0,0.0,85.0,27.0,58.0,0.08851623859053279,0.0,11.0,2.0,4.0,0.0,0.0,0.0,60.0,1.0,-74.0,1,0,False Negative
240.0,8.88888888888889,0.00622391839355138,27.0,7.0,34.285714285714285,0.1,66.36363636363636,12.682844533248268,11.0,1.0,80.0,40.0,40.0,0.2765151515151515,0.0,0.0,2.0,8.0,0.0,0.0,0.0,60.0,1.0,-56.0,1,0,False Negative
616.0,22.0,0.03532246943809538,28.0,6.0,102.66666666666667,0.1037037037037037,75.0,15.811388300841898,8.0,2.0,100.0,50.0,50.0,0.12175324675324675,0.0,6.0,1.0,1.0,1.0,0.0,0.0,30.0,1.0,-22.0,1,0,False Negative
300.0,13.636363636363637,0.005699969200554117,22.0,5.0,60.0,0.08148148148148149,55.2,3.5637059362410923,5.0,1.0,60.0,50.0,10.0,0.184,1.0,0.0,0.0,9.0,0.0,0.0,0.0,150.0,1.0,-46.0,1,0,False Negative
142.0,8.352941176470589,0.04337986806424068,17.0,5.0,28.4,0.06296296296296296,65.33333333333333,18.457157599876172,6.0,1.0,90.0,36.0,54.0,0.460093896713615,0.0,3.0,2.0,5.0,0.0,0.0,2.0,60.0,1.0,-75.0,0,1,False Positive
2591.0,34.54666666666667,0.11980570574799917,75.0,13.0,199.30769230769232,0.2777777777777778,61.5,15.210642207468961,12.0,1.0,86.0,32.0,54.0,0.023736009262832883,0.0,6.0,2.0,3.0,0.0,0.0,0.0,60.0,1.0,-107.0,0,1,False Positive
592.0,21.925925925925927,-0.014236338276985734,27.0,9.0,65.77777777777777,0.1,31.8,20.96902477465273,5.0,1.0,60.0,1.0,59.0,0.053716216216216216,0.0,3.0,2.0,1.0,1.0,0.0,0.0,60.0,1.0,-23.0,1,0,False Negative
2293.0,27.963414634146343,0.052351011622281514,82.0,10.0,229.3,0.3037037037037037,81.0,9.38083151964686,4.0,1.0,93.0,71.0,22.0,0.03532490187527257,1.0,0.0,2.0,4.0,0.0,0.0,0.0,60.0,1.0,-102.0,1,0,False Negative
357.0,8.5,-0.008877234611396577,42.0,9.0,39.666666666666664,0.15555555555555556,53.333333333333336,12.044362443345296,6.0,1.0,70.0,39.0,31.0,0.14939309056956115,0.0,11.0,0.0,4.0,0.0,0.0,1.0,120.0,1.0,-72.0,1,0,False Negative
504.0,12.6,-0.030872457316367098,40.0,9.0,56.0,0.14814814814814814,44.666666666666664,17.306506045853148,12.0,2.0,68.0,19.0,49.0,0.08862433862433862,0.0,7.0,0.0,2.0,0.0,0.0,1.0,180.0,1.0,-53.0,0,1,False Positive
559.0,14.333333333333334,0.038599935122233184,39.0,7.0,79.85714285714286,0.14444444444444443,81.11111111111111,26.886076528774353,9.0,3.0,100.0,13.0,87.0,0.1451003776585172,1.0,7.0,2.0,7.0,0.0,0.0,0.0,60.0,1.0,-79.0,1,0,False Negative
486.0,11.045454545454545,-0.060664145118385054,44.0,10.0,48.6,0.16296296296296298,55.25,21.013884299037464,4.0,1.0,70.0,25.0,45.0,0.11368312757201646,1.0,3.0,2.0,2.0,0.0,0.0,0.0,120.0,1.0,-38.0,0,1,False Positive
3878.0,21.191256830601095,-0.07305456592383976,183.0,8.0,484.75,0.6777777777777778,76.22222222222223,17.195768213268185,9.0,1.0,93.0,36.0,57.0,0.01965503409546731,1.0,2.0,2.0,2.0,0.0,0.0,0.0,60.0,1.0,-28.0,1,0,False Negative
1618.0,26.096774193548388,-0.051924996749182654,62.0,8.0,202.25,0.22962962962962963,69.22222222222223,15.089547522853179,9.0,1.0,85.0,38.0,47.0,0.04278258480977888,1.0,0.0,1.0,8.0,0.0,0.0,0.0,60.0,1.0,-29.0,1,0,False Negative
173.0,5.580645161290323,-0.0239517677237027,31.0,7.0,24.714285714285715,0.11481481481481481,80.0,11.523888232710346,6.0,6.0,100.0,66.0,34.0,0.4624277456647399,0.0,1.0,0.0,5.0,1.0,0.0,0.0,60.0,1.0,-73.0,0,1,False Positive
1006.0,11.976190476190476,-0.019617462354213973,84.0,6.0,167.66666666666666,0.3111111111111111,86.125,25.418988964945086,8.0,4.0,100.0,25.0,75.0,0.08561133200795229,0.0,8.0,0.0,3.0,0.0,0.0,0.0,120.0,1.0,-80.0,0,1,False Positive
1393.0,27.86,0.32259385226554643,50.0,9.0,154.77777777777777,0.18518518518518517,65.5,20.223748416156685,12.0,1.0,96.0,25.0,71.0,0.047020818377602296,1.0,5.0,2.0,4.0,0.0,0.0,0.0,120.0,1.0,-24.0,0,1,False Positive
1061.0,21.22,0.10773810644599237,50.0,7.0,151.57142857142858,0.18518518518518517,67.66666666666667,27.518175811634027,9.0,1.0,100.0,39.0,61.0,0.06377631165567076,0.0,11.0,0.0,2.0,1.0,0.0,0.0,30.0,1.0,-36.0,1,0,False Negative
1551.0,12.925,-0.027890921127677822,120.0,10.0,155.1,0.4444444444444444,62.833333333333336,20.58559366806473,6.0,1.0,84.0,24.0,60.0,0.04051149795830647,0.0,3.0,2.0,0.0,0.0,0.0,0.0,60.0,1.0,-185.0,1,0,False Negative
1744.0,23.56756756756757,0.031059177604414723,74.0,9.0,193.77777777777777,0.2740740740740741,77.25,15.173990905493518,4.0,2.0,100.0,69.0,31.0,0.0442947247706422,1.0,8.0,0.0,1.0,1.0,0.0,1.0,60.0,1.0,-31.0,1,0,False Negative
550.0,19.642857142857142,0.13229096298686244,28.0,6.0,91.66666666666667,0.1037037037037037,74.88888888888889,23.481079854025264,9.0,1.0,100.0,35.0,65.0,0.13616161616161615,0.0,11.0,2.0,2.0,0.0,0.0,0.0,30.0,1.0,-145.0,1,0,False Negative
1275.0,20.56451612903226,0.021351714454879003,62.0,9.0,141.66666666666666,0.22962962962962963,77.0,11.916375287812984,4.0,1.0,89.0,61.0,28.0,0.0603921568627451,1.0,7.0,2.0,7.0,0.0,0.0,0.0,60.0,1.0,-98.0,1,0,False Negative
265.0,17.666666666666668,0.02976603792080907,15.0,6.0,44.166666666666664,0.05555555555555555,80.83333333333333,10.206207261596576,6.0,4.0,100.0,70.0,30.0,0.3050314465408805,1.0,0.0,2.0,8.0,2.0,0.0,0.0,30.0,1.0,-134.0,0,1,False Positive
1805.0,15.560344827586206,-0.04761135881040801,116.0,9.0,200.55555555555554,0.42962962962962964,91.0,5.715476066494082,4.0,1.0,98.0,84.0,14.0,0.050415512465373964,1.0,12.0,0.0,4.0,0.0,0.0,0.0,90.0,1.0,-88.0,1,0,False Negative
2039.0,14.359154929577464,-0.0007524084377282446,142.0,10.0,203.9,0.5259259259259259,55.90909090909091,16.127334221467265,11.0,3.0,81.0,31.0,50.0,0.027419858219269694,1.0,8.0,0.0,7.0,0.0,0.0,0.0,120.0,1.0,-53.0,1,0,False Negative
575.0,16.428571428571427,0.03021824495925994,35.0,7.0,82.14285714285714,0.12962962962962962,79.54545454545455,13.966843855099377,11.0,1.0,100.0,66.0,34.0,0.1383399209486166,0.0,1.0,2.0,4.0,0.0,0.0,0.0,60.0,1.0,-44.0,1,0,False Negative
1123.0,13.05813953488372,-0.00114250030044544,86.0,8.0,140.375,0.31851851851851853,69.8,5.585696017507575,5.0,2.0,76.0,62.0,14.0,0.06215494211932324,0.0,5.0,0.0,5.0,0.0,0.0,0.0,60.0,1.0,-67.0,1,0,False Negative
922.0,14.184615384615384,-0.04211893262429251,65.0,7.0,131.71428571428572,0.24074074074074073,62.5,18.470052981593128,8.0,2.0,86.0,34.0,52.0,0.06778741865509762,1.0,9.0,0.0,6.0,0.0,0.0,0.0,60.0,1.0,-50.0,1,0,False Negative
1523.0,37.146341463414636,0.3123664335664336,41.0,11.0,138.45454545454547,0.15185185185185185,60.25,19.840844006974372,12.0,1.0,81.0,14.0,67.0,0.039560078791858175,1.0,1.0,2.0,4.0,1.0,0.0,0.0,90.0,1.0,-66.0,1,0,False Negative
2656.0,25.295238095238094,0.10436522692937475,105.0,7.0,379.42857142857144,0.3888888888888889,49.22222222222222,15.61071569289648,9.0,3.0,80.0,24.0,56.0,0.018532463186077642,0.0,3.0,0.0,1.0,0.0,0.0,0.0,60.0,1.0,-116.0,0,1,False Positive
2120.0,12.045454545454545,-0.030338522791738473,176.0,10.0,212.0,0.6518518518518519,52.5,17.547079529084034,6.0,1.0,69.0,31.0,38.0,0.024764150943396228,0.0,0.0,0.0,1.0,0.0,0.0,0.0,60.0,1.0,-205.0,1,0,False Negative
2635.0,17.22222222222222,0.052007159554372316,153.0,9.0,292.77777777777777,0.5666666666666667,64.16666666666667,16.84537523080643,6.0,1.0,85.0,38.0,47.0,0.024351676154332702,0.0,2.0,2.0,2.0,1.0,0.0,0.0,60.0,1.0,-67.0,1,0,False Negative
1831.0,20.573033707865168,0.024514208319624177,89.0,9.0,203.44444444444446,0.3296296296296296,60.166666666666664,13.862419221285537,6.0,4.0,80.0,40.0,40.0,0.03286000364099763,0.0,12.0,1.0,3.0,1.0,0.0,0.0,60.0,1.0,-36.0,1,0,False Negative
645.0,9.772727272727273,-0.06654297329917208,66.0,8.0,80.625,0.24444444444444444,66.0,36.556805112044465,6.0,1.0,100.0,16.0,84.0,0.10232558139534884,1.0,4.0,0.0,3.0,0.0,0.0,0.0,60.0,1.0,-93.0,1,0,False Negative
680.0,12.363636363636363,-0.0627504770483304,55.0,6.0,113.33333333333333,0.2037037037037037,59.5,11.030261405182864,4.0,2.0,69.0,46.0,23.0,0.0875,1.0,12.0,2.0,4.0,1.0,0.0,0.0,60.0,1.0,-56.0,0,1,False Positive
356.0,14.24,-0.03060365900728199,25.0,7.0,50.857142857142854,0.09259259259259259,72.72727272727273,23.035151004892107,11.0,1.0,100.0,20.0,80.0,0.20429009193054137,0.0,12.0,0.0,4.0,0.0,0.0,0.0,60.0,1.0,-65.0,1,0,False Negative
2319.0,30.92,0.19080380958428866,75.0,12.0,193.25,0.2777777777777778,70.91666666666667,12.724052622946635,12.0,1.0,89.0,44.0,45.0,0.030580710076182266,1.0,0.0,2.0,8.0,0.0,0.0,0.0,120.0,1.0,-99.0,1,0,False Negative
11139.0,50.863013698630134,-0.20717050766022127,219.0,9.0,1237.6666666666667,0.8111111111111111,83.6,5.89915248150105,5.0,1.0,90.0,78.0,12.0,0.007505162043271388,1.0,11.0,2.0,0.0,1.0,0.0,0.0,60.0,1.0,-108.0,1,0,False Negative
478.0,19.12,-0.09206145465173386,25.0,9.0,53.111111111111114,0.09259259259259259,84.33333333333333,5.859465277082315,3.0,2.0,91.0,80.0,11.0,0.17642956764295675,1.0,1.0,1.0,4.0,0.0,0.0,0.0,90.0,1.0,-16.0,0,1,False Positive
1483.0,30.895833333333332,-0.08133379072484193,48.0,7.0,211.85714285714286,0.17777777777777778,60.2,16.17714437099453,5.0,5.0,82.0,41.0,41.0,0.040593391773432234,0.0,6.0,0.0,6.0,0.0,0.0,0.0,110.0,1.0,-10.0,1,0,False Negative
269.0,7.472222222222222,-0.030249121719098736,36.0,6.0,44.833333333333336,0.13333333333333333,72.5,22.863119258365035,10.0,2.0,100.0,40.0,60.0,0.2695167286245353,0.0,11.0,0.0,7.0,0.0,0.0,0.0,60.0,1.0,-49.0,1,0,False Negative
262.0,10.076923076923077,0.001758373504508331,26.0,9.0,29.11111111111111,0.0962962962962963,53.714285714285715,19.1112033958643,7.0,0.0,86.0,27.0,59.0,0.2050163576881134,1.0,5.0,2.0,2.0,0.0,0.0,1.0,60.0,1.0,-113.0,1,0,False Negative
37.0,2.3125,0.005695208332127014,16.0,5.0,7.4,0.05925925925925926,49.833333333333336,9.410986487434071,6.0,6.0,62.0,40.0,22.0,1.3468468468468469,0.0,11.0,2.0,0.0,1.0,0.0,0.0,60.0,1.0,-41.0,0,1,False Positive
592.0,7.8933333333333335,-0.023993077491550652,75.0,8.0,74.0,0.2777777777777778,67.36363636363636,27.9437747173596,11.0,1.0,100.0,10.0,90.0,0.11378992628992628,0.0,1.0,2.0,0.0,1.0,0.0,1.0,120.0,1.0,-66.0,1,0,False Negative
861.0,11.181818181818182,-0.01478508802334028,77.0,8.0,107.625,0.2851851851851852,68.42857142857143,16.16433463789074,7.0,7.0,83.0,40.0,43.0,0.07947569271611084,0.0,9.0,1.0,7.0,0.0,0.0,0.0,60.0,1.0,-22.0,0,1,False Positive
1117.0,21.901960784313726,0.0351019805705008,51.0,11.0,101.54545454545455,0.18888888888888888,82.33333333333333,10.307764064044152,9.0,4.0,96.0,66.0,30.0,0.07370934049537452,1.0,7.0,0.0,8.0,0.0,0.0,0.0,90.0,1.0,-184.0,0,1,False Positive
332.0,33.2,0.34596977240144644,10.0,6.0,55.333333333333336,0.037037037037037035,81.88888888888889,15.136416719656971,9.0,1.0,100.0,60.0,40.0,0.2466532797858099,0.0,12.0,0.0,1.0,0.0,0.0,0.0,30.0,1.0,-22.0,1,0,False Negative
3343.0,35.189473684210526,-0.07126212684200393,95.0,8.0,417.875,0.35185185185185186,62.45454545454545,14.222261679238196,11.0,1.0,80.0,40.0,40.0,0.018682185298996547,0.0,0.0,0.0,5.0,0.0,1.0,0.0,60.0,1.0,-49.0,1,0,False Negative
1455.0,19.144736842105264,-0.028674394706953443,76.0,9.0,161.66666666666666,0.2814814814814815,58.0,24.256957764732164,6.0,1.0,82.0,20.0,62.0,0.03986254295532646,0.0,5.0,1.0,5.0,1.0,0.0,0.0,60.0,1.0,-100.0,1,0,False Negative
1641.0,51.28125,0.04323521334620612,32.0,8.0,205.125,0.11851851851851852,67.875,21.748152630905064,9.0,1.0,89.0,18.0,71.0,0.04136197440585009,1.0,0.0,0.0,3.0,0.0,0.0,0.0,60.0,1.0,-24.0,1,0,False Negative
880.0,10.232558139534884,-0.017364674073316006,86.0,8.0,110.0,0.31851851851851853,52.57142857142857,30.615122313747406,7.0,0.0,86.0,10.0,76.0,0.05974025974025974,0.0,11.0,2.0,6.0,0.0,0.0,1.0,60.0,1.0,-53.0,1,0,False Negative
692.0,10.328358208955224,-0.059698488010219444,67.0,8.0,86.5,0.24814814814814815,69.875,18.8864085673118,8.0,4.0,100.0,42.0,58.0,0.10097543352601156,0.0,1.0,0.0,0.0,0.0,0.0,0.0,60.0,1.0,-149.0,0,1,False Positive
3733.0,29.864,0.10237334079340096,125.0,13.0,287.15384615384613,0.46296296296296297,71.41666666666667,9.365879401833922,12.0,1.0,83.0,53.0,30.0,0.019131172426109476,0.0,3.0,1.0,1.0,1.0,0.0,0.0,60.0,1.0,-29.0,1,0,False Negative
1401.0,19.19178082191781,0.1988710715842886,73.0,11.0,127.36363636363636,0.27037037037037037,82.75,12.09902325133577,12.0,1.0,96.0,53.0,43.0,0.05906495360456816,1.0,2.0,1.0,5.0,0.0,0.0,0.0,60.0,1.0,-92.0,1,0,False Negative
532.0,10.64,0.017683254640689233,50.0,9.0,59.111111111111114,0.18518518518518517,58.666666666666664,23.406551789331694,6.0,1.0,80.0,23.0,57.0,0.11027568922305764,1.0,5.0,2.0,0.0,0.0,0.0,0.0,120.0,1.0,-42.0,1,0,False Negative
286.0,13.619047619047619,-0.07677587327562935,21.0,8.0,35.75,0.07777777777777778,70.72727272727273,13.349838269364232,11.0,1.0,82.0,40.0,42.0,0.2472981563890655,0.0,8.0,2.0,4.0,1.0,0.0,0.0,60.0,1.0,-71.0,1,0,False Negative
718.0,11.21875,0.031845790286972396,64.0,9.0,79.77777777777777,0.23703703703703705,60.57142857142857,19.577684088924165,7.0,0.0,85.0,38.0,47.0,0.08436132113012336,0.0,10.0,0.0,7.0,0.0,0.0,0.0,120.0,1.0,-107.0,1,0,False Negative
579.0,8.391304347826088,-0.017125925155941284,69.0,8.0,72.375,0.25555555555555554,63.285714285714285,16.42877846660432,7.0,0.0,90.0,41.0,49.0,0.10930175178879842,1.0,1.0,1.0,5.0,0.0,0.0,0.0,60.0,1.0,-95.0,1,0,False Negative
254.0,7.055555555555555,-0.003954059543114446,36.0,7.0,36.285714285714285,0.13333333333333333,81.36363636363636,14.534598221297534,11.0,1.0,100.0,51.0,49.0,0.3203292770221904,0.0,1.0,0.0,9.0,0.0,0.0,0.0,120.0,1.0,-43.0,1,0,False Negative
203.0,11.277777777777779,0.02023636982271323,18.0,5.0,40.6,0.06666666666666667,88.0,13.366625103842281,7.0,3.0,98.0,59.0,39.0,0.43349753694581283,1.0,4.0,3.0,2.0,0.0,0.0,0.0,120.0,1.0,-121.0,1,0,False Negative
3872.0,32.266666666666666,0.002870934787083634,120.0,12.0,322.6666666666667,0.4444444444444444,78.0,10.57250101810247,10.0,3.0,92.0,56.0,36.0,0.020144628099173553,1.0,0.0,2.0,2.0,0.0,0.0,1.0,60.0,1.0,-81.0,1,0,False Negative
537.0,10.74,-0.009258213748799753,50.0,9.0,59.666666666666664,0.18518518518518517,64.2,12.59761882261882,5.0,2.0,78.0,50.0,28.0,0.11955307262569832,0.0,6.0,0.0,1.0,0.0,0.0,0.0,120.0,1.0,-72.0,1,0,False Negative
890.0,18.93617021276596,-0.0009143389728112269,47.0,7.0,127.14285714285714,0.17407407407407408,77.45454545454545,21.537704781910428,11.0,1.0,100.0,44.0,56.0,0.08702757916241062,0.0,6.0,2.0,4.0,0.0,1.0,2.0,60.0,1.0,-72.0,1,0,False Negative
2414.0,20.991304347826087,0.11856637703309197,115.0,12.0,201.16666666666666,0.42592592592592593,85.66666666666667,6.67083203206317,9.0,4.0,98.0,76.0,22.0,0.03548743441038387,1.0,8.0,2.0,3.0,0.0,0.0,0.0,120.0,1.0,-36.0,0,1,False Positive
21.0,10.5,0.17117117117117117,2.0,7.0,3.0,0.007407407407407408,60.5,25.435102603379534,10.0,2.0,100.0,0.0,100.0,2.880952380952381,0.0,10.0,2.0,1.0,0.0,0.0,1.0,120.0,1.0,-36.0,0,1,False Positive
1151.0,14.569620253164556,-0.01340684113025062,79.0,10.0,115.1,0.29259259259259257,62.5,14.999999999999998,4.0,2.0,75.0,45.0,30.0,0.05430060816681147,0.0,11.0,0.0,0.0,0.0,0.0,2.0,60.0,1.0,-20.0,0,1,False Positive
388.0,21.555555555555557,0.15271328872961293,18.0,5.0,77.6,0.06666666666666667,70.0,23.45207879911715,9.0,1.0,100.0,40.0,60.0,0.18041237113402062,1.0,11.0,3.0,0.0,0.0,0.0,0.0,30.0,1.0,-58.0,1,0,False Negative
4499.0,27.944099378881987,-0.09769409022532063,161.0,14.0,321.35714285714283,0.5962962962962963,82.58333333333333,8.753787059255435,12.0,1.0,98.0,66.0,32.0,0.018355930947617987,1.0,0.0,0.0,2.0,0.0,0.0,0.0,60.0,1.0,-99.0,1,0,False Negative
1494.0,10.16326530612245,-0.026522083958510377,147.0,9.0,166.0,0.5444444444444444,66.57142857142857,17.193575765937915,7.0,0.0,87.0,36.0,51.0,0.04455918913750239,0.0,9.0,2.0,9.0,0.0,0.0,1.0,120.0,1.0,-137.0,1,0,False Negative
414.0,17.25,0.1230145251519654,24.0,8.0,51.75,0.08888888888888889,85.22222222222223,12.194033149226899,9.0,3.0,100.0,60.0,40.0,0.20585077831454646,0.0,8.0,0.0,8.0,0.0,0.0,0.0,60.0,1.0,-142.0,1,0,False Negative
97.0,13.857142857142858,-0.058950183297343445,7.0,6.0,16.166666666666668,0.025925925925925925,87.55555555555556,9.56701509237745,9.0,3.0,100.0,79.0,21.0,0.9026345933562429,0.0,12.0,0.0,5.0,0.0,0.0,0.0,60.0,1.0,-17.0,1,0,False Negative
224.0,14.933333333333334,0.09422189135142198,15.0,8.0,28.0,0.05555555555555555,70.88888888888889,15.422746548883929,9.0,4.0,95.0,40.0,55.0,0.31646825396825395,1.0,10.0,0.0,1.0,1.0,0.0,1.0,120.0,1.0,-42.0,0,1,False Positive
1159.0,20.333333333333332,-0.005661823924380262,57.0,8.0,144.875,0.2111111111111111,55.285714285714285,19.284832431337378,7.0,0.0,78.0,23.0,55.0,0.047701220263774186,0.0,5.0,0.0,3.0,0.0,0.0,0.0,60.0,1.0,-72.0,1,0,False Negative
655.0,14.555555555555555,-0.022643336172966523,45.0,8.0,81.875,0.16666666666666666,61.22222222222222,14.420278930882176,9.0,1.0,80.0,38.0,42.0,0.09346904156064462,1.0,12.0,0.0,9.0,0.0,0.0,0.0,60.0,1.0,-34.0,1,0,False Negative
1912.0,27.314285714285713,0.009339665002421203,70.0,9.0,212.44444444444446,0.25925925925925924,77.66666666666667,20.146132796809084,6.0,4.0,100.0,46.0,54.0,0.04062064156206416,0.0,12.0,0.0,1.0,0.0,0.0,0.0,90.0,1.0,-106.0,1,0,False Negative
1624.0,29.527272727272727,0.10242448828957504,55.0,12.0,135.33333333333334,0.2037037037037037,67.41666666666667,11.163726433354944,12.0,1.0,81.0,48.0,33.0,0.04151272577996716,0.0,0.0,0.0,9.0,0.0,0.0,0.0,150.0,1.0,-74.0,1,0,False Negative
386.0,10.722222222222221,-0.006111118410583652,36.0,9.0,42.888888888888886,0.13333333333333333,69.8,20.12958022413781,5.0,2.0,91.0,49.0,42.0,0.18082901554404143,1.0,5.0,0.0,8.0,0.0,0.0,0.0,90.0,1.0,-70.0,0,1,False Positive
1806.0,31.137931034482758,0.18646883798133204,58.0,10.0,180.6,0.21481481481481482,52.5,8.87796045374059,12.0,1.0,70.0,34.0,36.0,0.029069767441860465,0.0,1.0,1.0,2.0,1.0,0.0,0.0,120.0,1.0,-93.0,0,1,False Positive
194.0,10.210526315789474,0.03123656084544179,19.0,7.0,27.714285714285715,0.07037037037037037,79.8,14.498275759551547,5.0,7.0,100.0,59.0,41.0,0.411340206185567,0.0,12.0,2.0,1.0,1.0,0.0,0.0,60.0,1.0,-43.0,0,1,False Positive
1081.0,14.413333333333334,-0.0001631175744984789,75.0,9.0,120.11111111111111,0.2777777777777778,75.83333333333333,10.684171243082691,12.0,2.0,93.0,54.0,39.0,0.07015109466543323,1.0,11.0,0.0,5.0,0.0,0.0,1.0,60.0,1.0,-16.0,1,0,False Negative
380.0,15.833333333333334,0.03365276888852026,24.0,6.0,63.333333333333336,0.08888888888888889,67.66666666666667,22.94558781116753,9.0,1.0,100.0,35.0,65.0,0.17807017543859652,0.0,7.0,2.0,6.0,0.0,0.0,0.0,90.0,1.0,-43.0,1,0,False Negative
339.0,11.3,-0.016437282649462013,30.0,5.0,67.8,0.1111111111111111,63.36363636363637,19.179534547390492,11.0,1.0,100.0,39.0,61.0,0.1869133816036471,0.0,3.0,2.0,3.0,0.0,0.0,0.0,120.0,1.0,-128.0,1,0,False Negative
1978.0,14.984848484848484,-0.02417586976972747,132.0,11.0,179.8181818181818,0.4888888888888889,66.92307692307692,15.761036019572334,13.0,1.0,89.0,37.0,52.0,0.033833709263436255,0.0,11.0,0.0,3.0,0.0,0.0,0.0,60.0,1.0,-57.0,1,0,False Negative
401.0,11.13888888888889,0.01581593954546731,36.0,7.0,57.285714285714285,0.13333333333333333,74.55555555555556,17.924223212674455,9.0,3.0,100.0,40.0,60.0,0.1859240786921585,0.0,9.0,2.0,6.0,0.0,0.0,0.0,120.0,1.0,-74.0,1,0,False Negative
2120.0,20.99009900990099,0.07334050113711446,101.0,11.0,192.72727272727272,0.37407407407407406,77.83333333333333,11.838560518556092,12.0,1.0,96.0,55.0,41.0,0.03671383647798742,1.0,2.0,0.0,1.0,1.0,0.0,0.0,120.0,1.0,-46.0,1,0,False Negative
103.0,6.866666666666666,0.03643227090356051,15.0,5.0,20.6,0.05555555555555555,85.81818181818181,22.435766899387154,11.0,1.0,100.0,25.0,75.0,0.8331862312444837,1.0,6.0,2.0,0.0,0.0,1.0,1.0,120.0,1.0,-24.0,1,0,False Negative
56.0,8.0,0.055650358354580313,7.0,5.0,11.2,0.025925925925925925,86.83333333333333,11.232393630329499,6.0,1.0,97.0,68.0,29.0,1.550595238095238,0.0,3.0,0.0,8.0,0.0,0.0,1.0,60.0,1.0,-101.0,1,0,False Negative
1145.0,12.052631578947368,0.021831175075532016,95.0,9.0,127.22222222222223,0.35185185185185186,60.857142857142854,22.43827512257104,7.0,3.0,92.0,32.0,60.0,0.053150343106674984,1.0,8.0,2.0,6.0,0.0,0.0,0.0,90.0,1.0,-23.0,1,0,False Negative
1403.0,25.509090909090908,-0.055584697849662544,55.0,9.0,155.88888888888889,0.2037037037037037,46.888888888888886,16.966470201874966,9.0,1.0,84.0,24.0,60.0,0.033420448245822444,1.0,6.0,1.0,4.0,1.0,0.0,0.0,30.0,1.0,-22.0,0,1,False Positive
640.0,13.333333333333334,0.0007195185275732219,48.0,9.0,71.11111111111111,0.17777777777777778,52.0,27.073972741361768,5.0,1.0,100.0,35.0,65.0,0.08125,1.0,9.0,2.0,1.0,1.0,1.0,0.0,60.0,1.0,-15.0,1,0,False Negative
252.0,12.0,0.02348362345156205,21.0,8.0,31.5,0.07777777777777778,72.0,17.74823934929885,11.0,1.0,100.0,40.0,60.0,0.2857142857142857,0.0,11.0,2.0,0.0,0.0,0.0,0.0,60.0,1.0,-108.0,1,0,False Negative
875.0,35.0,0.0369920916026556,25.0,7.0,125.0,0.09259259259259259,85.375,5.680480361981469,8.0,5.0,92.0,76.0,16.0,0.09757142857142857,1.0,4.0,1.0,2.0,0.0,0.0,1.0,60.0,1.0,-72.0,1,0,False Negative
185.0,10.277777777777779,-0.024880559979260027,18.0,7.0,26.428571428571427,0.06666666666666667,56.0,16.74647558277396,10.0,2.0,80.0,20.0,60.0,0.3027027027027027,0.0,11.0,0.0,2.0,0.0,1.0,0.0,60.0,1.0,-52.0,1,0,False Negative
921.0,24.89189189189189,-0.129575086224986,37.0,7.0,131.57142857142858,0.13703703703703704,58.2,32.07335342616983,5.0,1.0,75.0,1.0,74.0,0.06319218241042346,0.0,11.0,0.0,0.0,0.0,0.0,1.0,60.0,1.0,-24.0,1,0,False Negative
524.0,11.909090909090908,-0.04989801165096818,44.0,8.0,65.5,0.16296296296296298,66.0,20.453198608856592,7.0,3.0,100.0,44.0,56.0,0.12595419847328243,1.0,6.0,0.0,9.0,0.0,0.0,0.0,60.0,1.0,-22.0,1,0,False Negative
2219.0,16.810606060606062,-0.0040863450541031646,132.0,8.0,277.375,0.4888888888888889,77.6,2.190890230020665,5.0,1.0,81.0,75.0,6.0,0.034970707525912574,1.0,10.0,0.0,7.0,1.0,0.0,0.0,60.0,1.0,-49.0,1,0,False Negative
2394.0,17.1,-0.12454966674848118,140.0,11.0,217.63636363636363,0.5185185185185185,68.92307692307692,23.809877286753423,13.0,1.0,97.0,33.0,64.0,0.02878992352676563,1.0,11.0,1.0,8.0,1.0,0.0,0.0,60.0,1.0,-58.0,1,0,False Negative
640.0,14.883720930232558,-0.05744248001937513,43.0,7.0,91.42857142857143,0.15925925925925927,69.0,23.40939982143925,9.0,1.0,100.0,20.0,80.0,0.1078125,0.0,0.0,2.0,7.0,0.0,0.0,0.0,30.0,1.0,-10.0,1,0,False Negative
964.0,11.614457831325302,-0.04354767957486864,83.0,8.0,120.5,0.3074074074074074,67.66666666666667,20.706279240848655,9.0,1.0,100.0,38.0,62.0,0.07019363762102351,1.0,3.0,2.0,0.0,0.0,0.0,1.0,120.0,1.0,-42.0,1,0,False Negative
500.0,12.5,0.026285868381836084,40.0,9.0,55.55555555555556,0.14814814814814814,84.2,14.184498581197714,5.0,2.0,96.0,60.0,36.0,0.1684,1.0,10.0,0.0,4.0,0.0,0.0,0.0,60.0,1.0,-44.0,0,1,False Positive
672.0,7.466666666666667,-0.047413815886144274,90.0,10.0,67.2,0.3333333333333333,45.92857142857143,10.971741925470218,14.0,0.0,62.0,23.0,39.0,0.06834608843537415,0.0,1.0,0.0,3.0,0.0,0.0,0.0,60.0,1.0,-83.0,0,1,False Positive
587.0,14.675,-0.07665460472408861,40.0,8.0,73.375,0.14814814814814814,79.77777777777777,8.685876147196923,9.0,3.0,100.0,67.0,33.0,0.1359076282415294,0.0,11.0,0.0,0.0,0.0,0.0,0.0,60.0,1.0,-31.0,1,0,False Negative
336.0,10.181818181818182,-0.01588896658352181,33.0,7.0,48.0,0.12222222222222222,73.57142857142857,9.829498848824779,7.0,5.0,82.0,60.0,22.0,0.2189625850340136,0.0,8.0,2.0,5.0,0.0,0.0,0.0,60.0,1.0,-82.0,1,0,False Negative
1427.0,14.414141414141413,-0.023579637624035785,99.0,10.0,142.7,0.36666666666666664,60.61538461538461,13.394889955616541,13.0,1.0,78.0,31.0,47.0,0.04247749447469139,0.0,2.0,1.0,6.0,0.0,0.0,0.0,90.0,1.0,-59.0,1,0,False Negative
790.0,13.166666666666666,0.001180374547977078,60.0,7.0,112.85714285714286,0.2222222222222222,61.0,4.183300132670378,5.0,1.0,66.0,55.0,11.0,0.07721518987341772,1.0,7.0,0.0,9.0,1.0,0.0,0.0,60.0,1.0,-46.0,1,0,False Negative
2857.0,29.45360824742268,-0.0071189658031478725,97.0,9.0,317.44444444444446,0.3592592592592593,77.75,10.594810050208546,4.0,1.0,89.0,64.0,25.0,0.027213860693034653,1.0,10.0,2.0,4.0,1.0,0.0,0.0,60.0,1.0,-67.0,1,0,False Negative
920.0,12.105263157894736,0.0008109357734059529,76.0,9.0,102.22222222222223,0.2814814814814815,54.083333333333336,23.239693055919073,12.0,2.0,87.0,19.0,68.0,0.058786231884057974,0.0,9.0,2.0,8.0,0.0,0.0,0.0,60.0,1.0,-58.0,0,1,False Positive
225.0,6.617647058823529,0.0271947290383892,34.0,7.0,32.142857142857146,0.1259259259259259,72.5,17.728105208558365,8.0,2.0,100.0,40.0,60.0,0.32222222222222224,0.0,5.0,2.0,7.0,0.0,0.0,0.0,90.0,1.0,-23.0,1,0,False Negative
753.0,11.584615384615384,0.0547983292379704,65.0,7.0,107.57142857142857,0.24074074074074073,61.5,20.96255164402873,8.0,2.0,100.0,40.0,60.0,0.08167330677290836,0.0,8.0,2.0,3.0,1.0,0.0,0.0,120.0,1.0,-94.0,1,0,False Negative
280.0,7.0,0.040819541801477496,40.0,7.0,40.0,0.14814814814814814,59.6,11.545561917897285,5.0,5.0,78.0,47.0,31.0,0.21285714285714286,0.0,12.0,1.0,3.0,0.0,0.0,0.0,120.0,1.0,-185.0,0,1,False Positive
1440.0,23.60655737704918,0.04599870729676085,61.0,9.0,160.0,0.22592592592592592,65.14285714285714,18.031718086273898,7.0,0.0,85.0,38.0,47.0,0.04523809523809524,0.0,3.0,0.0,2.0,0.0,0.0,1.0,180.0,1.0,-44.0,1,0,False Negative
2603.0,26.835051546391753,0.05793464830033819,97.0,12.0,216.91666666666666,0.3592592592592593,70.27272727272727,9.381800563760766,11.0,2.0,82.0,53.0,29.0,0.026996821848915584,1.0,1.0,2.0,4.0,0.0,1.0,0.0,60.0,1.0,-28.0,1,0,False Negative
726.0,11.0,0.01768193246443645,66.0,9.0,80.66666666666667,0.24444444444444444,47.69230769230769,14.049819781671077,13.0,1.0,76.0,19.0,57.0,0.06569188387370206,0.0,6.0,1.0,3.0,0.0,0.0,0.0,120.0,1.0,-29.0,0,1,False Positive
2359.0,22.902912621359224,-0.07974510812307901,103.0,9.0,262.1111111111111,0.3814814814814815,59.666666666666664,4.033195589934445,6.0,4.0,66.0,54.0,12.0,0.02529320333474636,0.0,4.0,2.0,0.0,1.0,0.0,0.0,60.0,1.0,-80.0,0,1,False Positive
513.0,6.84,-0.01540508377666224,75.0,8.0,64.125,0.2777777777777778,85.0,11.74734012447073,5.0,2.0,95.0,65.0,30.0,0.16569200779727095,1.0,6.0,0.0,3.0,0.0,0.0,0.0,120.0,1.0,-35.0,1,0,False Negative
330.0,11.379310344827585,0.02191481494779158,29.0,6.0,55.0,0.10740740740740741,61.90909090909091,30.83976181962029,11.0,1.0,100.0,0.0,100.0,0.18760330578512396,1.0,6.0,3.0,3.0,1.0,0.0,0.0,60.0,1.0,-99.0,1,0,False Negative
2205.0,36.75,-0.008649766554040506,60.0,7.0,315.0,0.2222222222222222,87.625,5.097268175909804,8.0,2.0,96.0,79.0,17.0,0.03973922902494331,0.0,12.0,2.0,6.0,0.0,0.0,0.0,60.0,1.0,-121.0,1,0,False Negative
792.0,14.4,-0.040602114419855416,55.0,7.0,113.14285714285714,0.2037037037037037,77.2,14.482172949296432,10.0,2.0,100.0,57.0,43.0,0.09747474747474748,0.0,2.0,2.0,7.0,1.0,0.0,0.0,150.0,1.0,-90.0,1,0,False Negative
190.0,23.75,0.25884217800054565,8.0,6.0,31.666666666666668,0.02962962962962963,79.28571428571429,18.80349511584026,7.0,3.0,100.0,45.0,55.0,0.41729323308270677,0.0,8.0,0.0,4.0,0.0,0.0,0.0,30.0,1.0,-113.0,1,0,False Negative
2067.0,16.669354838709676,-0.035093212893737964,124.0,9.0,229.66666666666666,0.45925925925925926,94.0,5.796550698475776,6.0,1.0,98.0,84.0,14.0,0.045476536042573776,0.0,6.0,1.0,5.0,0.0,0.0,0.0,60.0,1.0,-79.0,1,0,False Negative
1120.0,29.473684210526315,0.30707262267859026,38.0,10.0,112.0,0.14074074074074075,65.41666666666667,11.081994678784413,12.0,1.0,82.0,45.0,37.0,0.0584077380952381,1.0,11.0,0.0,0.0,0.0,0.0,0.0,120.0,1.0,-58.0,1,0,False Negative
3684.0,29.007874015748033,-0.07080850652472545,127.0,13.0,283.38461538461536,0.4703703703703704,86.125,6.957780844904093,8.0,5.0,92.0,74.0,18.0,0.02337812160694897,1.0,5.0,2.0,4.0,0.0,0.0,0.0,90.0,1.0,-64.0,0,1,False Positive
528.0,7.764705882352941,0.009360107311115796,68.0,6.0,88.0,0.2518518518518518,67.88888888888889,15.671984912930178,9.0,1.0,100.0,52.0,48.0,0.12857744107744107,1.0,6.0,2.0,6.0,1.0,1.0,0.0,30.0,1.0,-58.0,1,0,False Negative
3739.0,43.98823529411764,0.03592640964927506,85.0,10.0,373.9,0.3148148148148148,54.333333333333336,17.243356208503418,12.0,1.0,84.0,24.0,60.0,0.014531514665240261,1.0,1.0,0.0,9.0,0.0,0.0,2.0,150.0,1.0,-117.0,0,1,False Positive
973.0,13.14864864864865,-0.04086744653378937,74.0,9.0,108.11111111111111,0.2740740740740741,69.4,13.831124321616086,5.0,2.0,83.0,49.0,34.0,0.07132579650565263,0.0,5.0,0.0,1.0,0.0,0.0,0.0,60.0,1.0,-29.0,1,0,False Negative
1055.0,11.988636363636363,-0.017884709793707244,88.0,7.0,150.71428571428572,0.32592592592592595,84.72727272727273,12.728636290592247,11.0,1.0,100.0,71.0,29.0,0.08031021111589833,0.0,5.0,2.0,2.0,1.0,1.0,0.0,150.0,1.0,-144.0,1,0,False Negative
459.0,10.928571428571429,0.00028321608700353814,42.0,6.0,76.5,0.15555555555555556,63.2,11.903780911962384,5.0,5.0,78.0,50.0,28.0,0.13769063180827887,1.0,5.0,1.0,0.0,0.0,0.0,1.0,30.0,1.0,-73.0,0,1,False Positive
2298.0,22.096153846153847,0.06419236040540983,104.0,9.0,255.33333333333334,0.3851851851851852,60.666666666666664,17.0293863659264,9.0,1.0,81.0,34.0,47.0,0.026399767914128226,1.0,0.0,2.0,6.0,1.0,0.0,0.0,60.0,1.0,-44.0,1,0,False Negative
1351.0,50.03703703703704,0.4441933769568727,27.0,9.0,150.11111111111111,0.1,67.66666666666667,14.99898986497747,12.0,1.0,90.0,48.0,42.0,0.05008635578583766,1.0,0.0,0.0,5.0,0.0,0.0,0.0,120.0,1.0,-23.0,1,0,False Negative
324.0,12.96,0.0003688947912055508,25.0,7.0,46.285714285714285,0.09259259259259259,73.14285714285714,15.941858647687761,7.0,0.0,86.0,40.0,46.0,0.2257495590828924,1.0,10.0,2.0,9.0,0.0,0.0,1.0,60.0,1.0,-192.0,1,0,False Negative
1255.0,11.728971962616823,-0.08316055725897005,107.0,7.0,179.28571428571428,0.3962962962962963,71.2,28.71759042816789,5.0,2.0,86.0,20.0,66.0,0.05673306772908367,0.0,3.0,1.0,3.0,0.0,0.0,0.0,60.0,1.0,-71.0,1,0,False Negative
698.0,5.496062992125984,0.005841240387450408,127.0,9.0,77.55555555555556,0.4703703703703704,61.857142857142854,16.75737222268228,7.0,0.0,85.0,40.0,45.0,0.08862054850593531,1.0,3.0,0.0,8.0,1.0,1.0,0.0,60.0,1.0,-32.0,1,0,False Negative
574.0,14.0,-0.025312355207526605,41.0,9.0,63.77777777777778,0.15185185185185185,72.33333333333333,9.018499505645787,3.0,2.0,81.0,63.0,18.0,0.12601626016260162,1.0,12.0,0.0,0.0,0.0,0.0,0.0,90.0,1.0,-186.0,0,1,False Positive
2175.0,13.181818181818182,-0.046683395382331926,165.0,8.0,271.875,0.6111111111111112,59.833333333333336,23.27588165175847,6.0,1.0,80.0,18.0,62.0,0.027509578544061303,1.0,5.0,1.0,7.0,1.0,0.0,0.0,90.0,1.0,-94.0,1,0,False Negative
365.0,8.488372093023257,0.001907098037486951,43.0,7.0,52.142857142857146,0.15925925925925927,75.5,15.934239862635431,6.0,1.0,90.0,50.0,40.0,0.20684931506849316,0.0,8.0,0.0,8.0,0.0,0.0,0.0,60.0,1.0,-79.0,1,0,False Negative
420.0,9.333333333333334,-0.007925576354234876,45.0,7.0,60.0,0.16666666666666666,61.4,19.201851762554337,10.0,2.0,100.0,38.0,62.0,0.14619047619047618,0.0,7.0,0.0,8.0,0.0,0.0,0.0,120.0,1.0,-93.0,1,0,False Negative
1215.0,17.357142857142858,-0.03952953105580554,70.0,7.0,173.57142857142858,0.25925925925925924,91.0,9.848857801796104,3.0,2.0,99.0,80.0,19.0,0.07489711934156379,1.0,0.0,0.0,9.0,1.0,0.0,0.0,30.0,1.0,-53.0,1,0,False Negative
354.0,10.114285714285714,0.03404532228757566,35.0,7.0,50.57142857142857,0.12962962962962962,79.6,12.033287165193059,5.0,1.0,100.0,71.0,29.0,0.22485875706214686,0.0,0.0,0.0,5.0,0.0,0.0,0.0,60.0,1.0,-38.0,1,0,False Negative
238.0,10.347826086956522,0.024523275096172994,23.0,7.0,34.0,0.08518518518518518,82.5,8.98331787259028,6.0,4.0,96.0,72.0,24.0,0.34663865546218486,1.0,5.0,1.0,2.0,1.0,0.0,0.0,30.0,1.0,-141.0,0,1,False Positive
1619.0,17.408602150537636,0.040179841627646325,93.0,11.0,147.1818181818182,0.34444444444444444,71.45454545454545,11.69071115342122,11.0,2.0,96.0,53.0,43.0,0.044134987927452414,1.0,5.0,2.0,1.0,0.0,0.0,0.0,60.0,1.0,-149.0,1,0,False Negative
2241.0,23.840425531914892,-0.13364154148694649,94.0,10.0,224.1,0.34814814814814815,70.5,18.046236911518882,4.0,1.0,88.0,53.0,35.0,0.03145917001338688,1.0,8.0,2.0,5.0,1.0,0.0,0.0,90.0,1.0,-16.0,1,0,False Negative
3375.0,28.846153846153847,0.024892188519390904,117.0,14.0,241.07142857142858,0.43333333333333335,63.166666666666664,12.539634135110331,12.0,1.0,84.0,40.0,44.0,0.01871604938271605,1.0,1.0,2.0,1.0,0.0,0.0,2.0,120.0,1.0,-32.0,1,0,False Negative
298.0,8.514285714285714,-0.017268804965854735,35.0,6.0,49.666666666666664,0.12962962962962962,62.166666666666664,14.17627125398871,6.0,4.0,80.0,44.0,36.0,0.20861297539149887,0.0,3.0,0.0,0.0,0.0,0.0,0.0,120.0,1.0,-29.0,0,1,False Positive
38.0,19.0,0.6470588235294118,2.0,4.0,9.5,0.007407407407407408,76.8,14.446452851824906,5.0,1.0,100.0,67.0,33.0,2.0210526315789474,0.0,0.0,2.0,4.0,0.0,0.0,0.0,180.0,1.0,-122.0,0,1,False Positive
695.0,12.87037037037037,-0.04082428063764795,54.0,7.0,99.28571428571429,0.2,78.33333333333333,28.115831839019098,9.0,3.0,100.0,13.0,87.0,0.11270983213429256,0.0,9.0,2.0,3.0,0.0,1.0,0.0,135.0,1.0,-25.0,1,0,False Negative
852.0,19.363636363636363,0.1399397604364878,44.0,7.0,121.71428571428571,0.16296296296296298,91.2,8.197560612767678,5.0,5.0,100.0,78.0,22.0,0.10704225352112677,1.0,6.0,0.0,0.0,0.0,0.0,0.0,60.0,1.0,-14.0,1,0,False Negative
1086.0,21.294117647058822,0.010137329865114057,51.0,8.0,135.75,0.18888888888888888,85.0,6.244997998398398,3.0,2.0,92.0,80.0,12.0,0.07826887661141804,1.0,12.0,0.0,3.0,0.0,0.0,0.0,60.0,1.0,-114.0,0,1,False Positive
201.0,5.742857142857143,0.0386638896169464,35.0,6.0,33.5,0.12962962962962962,64.2,3.633180424916991,5.0,1.0,70.0,60.0,10.0,0.3194029850746269,1.0,0.0,2.0,4.0,0.0,0.0,0.0,180.0,0.0,48.0,1,0,False Negative
3676.0,30.89075630252101,0.149817757476504,119.0,13.0,282.7692307692308,0.44074074074074077,78.83333333333333,10.373334112331507,12.0,1.0,98.0,64.0,34.0,0.021445411679361624,1.0,3.0,2.0,6.0,1.0,0.0,0.0,60.0,1.0,-136.0,1,0,False Negative
1540.0,12.833333333333334,-0.06642525043355552,120.0,9.0,171.11111111111111,0.4444444444444444,83.25,18.148199438433082,8.0,4.0,100.0,63.0,37.0,0.054058441558441556,0.0,1.0,2.0,5.0,1.0,0.0,1.0,90.0,1.0,-124.0,0,1,False Positive
280.0,11.666666666666666,0.11030596579073024,24.0,7.0,40.0,0.08888888888888889,73.33333333333333,19.20286436967152,9.0,1.0,100.0,40.0,60.0,0.26190476190476186,1.0,11.0,2.0,2.0,1.0,0.0,0.0,30.0,1.0,-39.0,1,0,False Negative
955.0,14.044117647058824,0.013057278314451368,68.0,7.0,136.42857142857142,0.2518518518518518,63.0,6.670832032063167,5.0,1.0,71.0,56.0,15.0,0.06596858638743455,1.0,4.0,1.0,2.0,2.0,0.0,0.0,60.0,1.0,-38.0,1,0,False Negative
1406.0,13.018518518518519,-0.006059442104227527,108.0,8.0,175.75,0.4,56.45454545454545,20.016811116477253,11.0,1.0,80.0,15.0,65.0,0.04015259278417173,0.0,3.0,0.0,1.0,1.0,1.0,0.0,60.0,1.0,-81.0,1,0,False Negative
1248.0,36.705882352941174,0.5066014534411599,34.0,9.0,138.66666666666666,0.1259259259259259,76.45454545454545,9.480122745657216,12.0,1.0,88.0,61.0,27.0,0.06126165501165501,1.0,3.0,0.0,5.0,0.0,0.0,0.0,90.0,1.0,-29.0,1,0,False Negative
650.0,10.15625,-0.02673189377761574,64.0,8.0,81.25,0.23703703703703705,72.18181818181819,16.963597388632998,11.0,3.0,93.0,44.0,49.0,0.11104895104895106,1.0,8.0,0.0,4.0,0.0,0.0,2.0,60.0,1.0,-24.0,1,0,False Negative
2748.0,31.586206896551722,-0.04985806839823478,87.0,13.0,211.3846153846154,0.32222222222222224,86.375,10.487237141265705,8.0,5.0,96.0,65.0,31.0,0.031431950509461425,1.0,9.0,1.0,8.0,1.0,0.0,0.0,60.0,1.0,-22.0,1,0,False Negative
677.0,18.2972972972973,-0.06185538384645526,37.0,9.0,75.22222222222223,0.13703703703703704,79.5,14.059397805975426,4.0,2.0,100.0,68.0,32.0,0.11742983751846381,1.0,0.0,1.0,3.0,0.0,0.0,0.0,120.0,1.0,-4.0,1,0,False Negative
1290.0,14.333333333333334,-0.006985422275431345,90.0,8.0,161.25,0.3333333333333333,64.0,16.209565077447326,9.0,1.0,87.0,38.0,49.0,0.04961240310077519,1.0,4.0,0.0,6.0,0.0,0.0,0.0,30.0,1.0,-137.0,1,0,False Negative
747.0,17.372093023255815,-0.11289015947594512,43.0,7.0,106.71428571428571,0.15925925925925927,80.33333333333333,8.33466656001706,6.0,4.0,89.0,68.0,21.0,0.107541276215975,1.0,9.0,0.0,6.0,0.0,0.0,0.0,60.0,1.0,-92.0,0,1,False Positive
280.0,14.0,0.02129189410329939,20.0,8.0,35.0,0.07407407407407407,74.1,19.2783701477992,10.0,2.0,100.0,52.0,48.0,0.2646428571428571,0.0,12.0,2.0,0.0,1.0,0.0,0.0,60.0,1.0,-59.0,1,0,False Negative
322.0,11.5,0.04470575724779989,28.0,6.0,53.666666666666664,0.1037037037037037,65.71428571428571,9.827076298239907,7.0,3.0,80.0,58.0,22.0,0.2040816326530612,0.0,11.0,2.0,8.0,0.0,0.0,1.0,60.0,1.0,-27.0,0,1,False Positive
5968.0,37.77215189873418,-0.07246120944063081,158.0,11.0,542.5454545454545,0.5851851851851851,73.75,16.836783324829977,12.0,1.0,97.0,49.0,48.0,0.012357573726541555,0.0,0.0,0.0,7.0,0.0,1.0,0.0,60.0,1.0,-58.0,1,0,False Negative
1581.0,14.116071428571429,0.01340536692546455,112.0,9.0,175.66666666666666,0.4148148148148148,62.55555555555556,26.36337948324869,9.0,1.0,89.0,14.0,75.0,0.039567081312811864,1.0,3.0,0.0,5.0,1.0,0.0,0.0,90.0,1.0,-20.0,1,0,False Negative
745.0,15.204081632653061,0.03014266659548379,49.0,7.0,106.42857142857143,0.1814814814814815,53.54545454545455,15.50718308632252,11.0,1.0,77.0,20.0,57.0,0.07187309334960341,0.0,3.0,2.0,3.0,0.0,0.0,0.0,90.0,1.0,-54.0,1,0,False Negative
1673.0,19.229885057471265,-0.056627501580776674,87.0,9.0,185.88888888888889,0.32222222222222224,60.875,22.61123298590453,8.0,2.0,92.0,30.0,62.0,0.03638673042438733,0.0,0.0,2.0,5.0,0.0,0.0,0.0,30.0,1.0,-87.0,0,1,False Positive
339.0,17.842105263157894,-0.023039953302887703,19.0,8.0,42.375,0.07037037037037037,65.66666666666667,15.53490693030806,3.0,2.0,83.0,53.0,30.0,0.1937069813176008,1.0,5.0,1.0,1.0,1.0,0.0,0.0,60.0,1.0,-114.0,0,1,False Positive
696.0,15.130434782608695,-0.030216781478733818,46.0,7.0,99.42857142857143,0.17037037037037037,84.6,7.021395872616782,5.0,5.0,95.0,78.0,17.0,0.12155172413793103,0.0,6.0,0.0,3.0,1.0,0.0,0.0,150.0,1.0,-46.0,1,0,False Negative
389.0,12.15625,-0.027591223386047786,32.0,8.0,48.625,0.11851851851851852,73.0,8.888194417315589,3.0,2.0,83.0,66.0,17.0,0.18766066838046272,1.0,0.0,2.0,6.0,1.0,0.0,0.0,30.0,1.0,-22.0,0,1,False Positive
739.5,16.360555555555557,-0.010713263088346092,47.0,8.0,92.4375,0.17407407407407408,68.375,15.230960011015155,8.0,2.0,90.0,50.0,40.0,0.09246112237998648,1.0,10.0,0.0,3.0,0.0,0.0,1.0,90.0,0.0,3.0,1,0,False Negative
190.0,8.26086956521739,0.018124947601505133,23.0,7.0,27.142857142857142,0.08518518518518518,71.5,14.09153748075165,8.0,6.0,94.0,44.0,50.0,0.3763157894736842,1.0,1.0,0.0,5.0,0.0,0.0,0.0,60.0,1.0,-55.0,1,0,False Negative
1235.0,16.466666666666665,0.05785173269153769,75.0,9.0,137.22222222222223,0.2777777777777778,44.285714285714285,16.660475040389112,7.0,0.0,75.0,30.0,45.0,0.03585887796414112,1.0,0.0,0.0,5.0,0.0,0.0,2.0,60.0,1.0,-32.0,0,1,False Positive
920.0,11.948051948051948,-0.045594819954915315,77.0,8.0,115.0,0.2851851851851852,57.5,23.65375234502974,6.0,1.0,80.0,24.0,56.0,0.0625,0.0,0.0,0.0,8.0,0.0,0.0,0.0,60.0,1.0,-65.0,1,0,False Negative
354.0,10.114285714285714,0.008221959147221616,35.0,8.0,44.25,0.12962962962962962,80.85714285714286,11.894376422334652,7.0,5.0,100.0,60.0,40.0,0.22841000807102504,0.0,11.0,0.0,4.0,0.0,0.0,1.0,60.0,1.0,-143.0,1,0,False Negative
768.0,17.066666666666666,0.28108409667240175,45.0,8.0,96.0,0.16666666666666666,66.8,18.13406861254375,10.0,3.0,82.0,24.0,58.0,0.08697916666666666,1.0,12.0,2.0,1.0,0.0,0.0,1.0,210.0,1.0,-28.0,0,1,False Positive
497.0,5.916666666666667,-0.013933216113750929,84.0,9.0,55.22222222222222,0.3111111111111111,47.57142857142857,21.915421836818798,7.0,0.0,75.0,22.0,53.0,0.09571716010347801,0.0,0.0,2.0,3.0,0.0,1.0,2.0,60.0,1.0,-86.0,0,1,False Positive
1193.0,14.202380952380953,-0.021377142893802437,84.0,9.0,132.55555555555554,0.3111111111111111,55.42857142857143,21.038513436529865,7.0,0.0,80.0,20.0,60.0,0.046461501616572864,1.0,1.0,2.0,7.0,0.0,0.0,0.0,90.0,1.0,-136.0,1,0,False Negative
425.0,7.87037037037037,0.019951225112842075,54.0,7.0,60.714285714285715,0.2,51.0,24.0,6.0,1.0,85.0,24.0,61.0,0.12,0.0,12.0,0.0,1.0,0.0,1.0,0.0,150.0,1.0,-22.0,1,0,False Negative
1656.0,11.114093959731544,-0.026536463854301577,149.0,9.0,184.0,0.5518518518518518,58.07142857142857,10.343814842431469,14.0,0.0,72.0,39.0,33.0,0.03506728778467909,1.0,7.0,0.0,6.0,0.0,0.0,0.0,60.0,1.0,-22.0,1,0,False Negative
590.0,15.526315789473685,0.13620419193572816,38.0,6.0,98.33333333333333,0.14074074074074075,86.5,9.746794344808961,4.0,2.0,100.0,78.0,22.0,0.14661016949152542,0.0,12.0,0.0,4.0,0.0,0.0,0.0,60.0,1.0,-73.0,1,0,False Negative
583.0,10.228070175438596,-0.04137970267459304,57.0,7.0,83.28571428571429,0.2111111111111111,66.85714285714286,17.855237993639953,7.0,5.0,100.0,49.0,51.0,0.11467777505513355,1.0,0.0,2.0,6.0,0.0,0.0,0.0,60.0,1.0,-29.0,1,0,False Negative
262.0,5.346938775510204,-0.020226948424099233,49.0,7.0,37.42857142857143,0.1814814814814815,60.166666666666664,15.854547192104436,6.0,1.0,90.0,49.0,41.0,0.22964376590330787,1.0,12.0,0.0,8.0,0.0,0.0,0.0,60.0,1.0,-65.0,1,0,False Negative
1023.0,24.357142857142858,-0.008363773245942107,42.0,8.0,127.875,0.15555555555555556,61.2,34.04702630186666,5.0,1.0,85.0,1.0,84.0,0.05982404692082112,0.0,0.0,0.0,7.0,1.0,0.0,0.0,60.0,1.0,-32.0,1,0,False Negative
81.0,11.571428571428571,0.22971344713060943,7.0,5.0,16.2,0.025925925925925925,70.0,20.389948504103682,9.0,3.0,100.0,40.0,60.0,0.8641975308641975,1.0,0.0,2.0,4.0,0.0,0.0,1.0,120.0,1.0,-80.0,0,1,False Positive
118.0,5.619047619047619,-0.017889162162043674,21.0,4.0,29.5,0.07777777777777778,80.2,11.606032913963324,5.0,1.0,100.0,72.0,28.0,0.6796610169491526,0.0,0.0,0.0,4.0,0.0,0.0,0.0,60.0,1.0,-157.0,1,0,False Negative
472.0,9.254901960784315,-0.05335252256671055,51.0,8.0,59.0,0.18888888888888888,61.142857142857146,24.653793294532257,7.0,0.0,88.0,27.0,61.0,0.1295399515738499,1.0,9.0,2.0,5.0,0.0,0.0,0.0,60.0,1.0,-34.0,1,0,False Negative
162.0,4.5,-0.01843505515331163,36.0,6.0,27.0,0.13333333333333333,72.2,11.861703081766969,5.0,2.0,82.0,55.0,27.0,0.445679012345679,0.0,7.0,2.0,4.0,0.0,0.0,1.0,120.0,1.0,-91.0,1,0,False Negative
1639.0,29.8,0.200226400606591,55.0,7.0,234.14285714285714,0.2037037037037037,89.2,14.805404418657396,5.0,5.0,100.0,64.0,36.0,0.054423428920073215,1.0,12.0,0.0,1.0,0.0,0.0,0.0,120.0,1.0,-25.0,1,0,False Negative
300.0,8.571428571428571,-0.022477596064744906,35.0,7.0,42.857142857142854,0.12962962962962962,76.9090909090909,18.057987404218366,11.0,1.0,100.0,48.0,52.0,0.25636363636363635,0.0,8.0,2.0,5.0,0.0,0.0,0.0,60.0,1.0,-120.0,1,0,False Negative
2620.0,19.69924812030075,-0.03264479632208159,133.0,10.0,262.0,0.4925925925925926,73.07692307692308,27.354041561414462,13.0,1.0,97.0,0.0,97.0,0.027891955372871403,0.0,1.0,2.0,0.0,0.0,0.0,0.0,60.0,1.0,-15.0,1,0,False Negative
1576.0,18.325581395348838,-0.07802306972599353,86.0,10.0,157.6,0.31851851851851853,75.75,25.96632434519757,4.0,1.0,99.0,49.0,50.0,0.04806472081218274,1.0,9.0,2.0,6.0,0.0,0.0,0.0,60.0,1.0,-25.0,1,0,False Negative
230.0,7.931034482758621,0.03132311865282464,29.0,7.0,32.857142857142854,0.10740740740740741,84.25,14.291605927956448,4.0,6.0,96.0,67.0,29.0,0.36630434782608695,1.0,1.0,1.0,6.0,0.0,0.0,0.0,60.0,1.0,-38.0,0,1,False Positive
260.0,7.428571428571429,-0.0032771130375946838,35.0,6.0,43.333333333333336,0.12962962962962962,77.625,17.99156548417698,8.0,4.0,100.0,50.0,50.0,0.2985576923076923,1.0,11.0,0.0,4.0,0.0,1.0,1.0,240.0,1.0,-102.0,1,0,False Negative
327.0,18.166666666666668,0.10837087185054885,18.0,8.0,40.875,0.06666666666666667,32.2,18.566098136118963,5.0,1.0,46.0,1.0,45.0,0.09847094801223243,0.0,3.0,0.0,8.0,0.0,0.0,0.0,60.0,1.0,-134.0,0,1,False Positive
1490.0,24.032258064516128,0.15360396785553287,62.0,12.0,124.16666666666667,0.22962962962962963,72.5,13.918594495396178,12.0,1.0,94.0,52.0,42.0,0.04865771812080537,1.0,4.0,2.0,7.0,0.0,0.0,2.0,60.0,1.0,-150.0,1,0,False Negative
373.0,11.65625,0.017447507913266238,32.0,6.0,62.166666666666664,0.11851851851851852,78.75,15.754817857223411,8.0,2.0,100.0,60.0,40.0,0.2111260053619303,0.0,11.0,2.0,0.0,0.0,0.0,0.0,30.0,1.0,-3.0,1,0,False Negative
187.0,6.678571428571429,0.03610421845220422,28.0,6.0,31.166666666666668,0.1037037037037037,46.75,8.5,4.0,2.0,55.0,38.0,17.0,0.25,1.0,1.0,0.0,7.0,0.0,0.0,0.0,120.0,1.0,-27.0,0,1,False Positive
808.0,12.625,-0.04899843004248865,64.0,9.0,89.77777777777777,0.23703703703703705,62.09090909090909,21.814923999200847,11.0,1.0,100.0,12.0,88.0,0.07684518451845185,0.0,8.0,2.0,2.0,0.0,0.0,0.0,60.0,1.0,-96.0,1,0,False Negative
938.0,11.725,0.0146607883037868,80.0,8.0,117.25,0.2962962962962963,35.4,19.692638218379983,5.0,1.0,50.0,1.0,49.0,0.037739872068230276,0.0,12.0,0.0,1.0,0.0,0.0,0.0,120.0,1.0,-31.0,0,1,False Positive
1133.0,21.37735849056604,0.035678133886397394,53.0,7.0,161.85714285714286,0.1962962962962963,69.33333333333333,4.1311822359545785,6.0,4.0,75.0,65.0,10.0,0.06119446896145925,1.0,0.0,0.0,2.0,0.0,0.0,0.0,60.0,1.0,-29.0,1,0,False Negative
842.0,9.905882352941177,-0.007931363252843712,85.0,10.0,84.2,0.3148148148148148,50.15384615384615,20.63106942552968,13.0,1.0,87.0,24.0,63.0,0.05956513794993605,0.0,9.0,0.0,6.0,1.0,0.0,4.0,120.0,1.0,-140.0,0,1,False Positive
627.0,20.225806451612904,0.08657267902194107,31.0,7.0,89.57142857142857,0.11481481481481481,59.875,9.478358809112773,8.0,2.0,72.0,40.0,32.0,0.09549441786283891,0.0,11.0,3.0,0.0,0.0,0.0,0.0,30.0,1.0,-18.0,1,0,False Negative
917.0,18.34,-0.03368674569388417,50.0,10.0,91.7,0.18518518518518517,65.25,14.997221964972935,4.0,1.0,81.0,48.0,33.0,0.07115594329334787,1.0,0.0,0.0,6.0,0.0,0.0,0.0,30.0,1.0,-30.0,1,0,False Negative
1213.0,26.955555555555556,-0.17661330910934162,45.0,7.0,173.28571428571428,0.16666666666666666,63.55555555555556,19.22960680247461,9.0,1.0,100.0,40.0,60.0,0.05239534670697078,0.0,11.0,2.0,0.0,0.0,0.0,0.0,30.0,1.0,-10.0,1,0,False Negative
642.0,11.464285714285714,0.0026512142042903015,56.0,6.0,107.0,0.2074074074074074,65.375,19.82017370545187,8.0,2.0,100.0,40.0,60.0,0.10183021806853583,0.0,5.0,2.0,0.0,0.0,1.0,0.0,150.0,1.0,-36.0,1,0,False Negative
900.0,39.130434782608695,0.2141156194149325,23.0,8.0,112.5,0.08518518518518518,37.5,24.610295948376294,5.0,1.0,54.0,1.0,53.0,0.041666666666666664,0.0,9.0,0.0,1.0,1.0,0.0,0.0,60.0,1.0,-38.0,1,0,False Negative
412.0,16.48,0.005625629933820534,25.0,7.0,58.857142857142854,0.09259259259259259,70.57142857142857,8.791229395580249,7.0,3.0,80.0,60.0,20.0,0.17128987517337033,0.0,1.0,2.0,0.0,0.0,0.0,0.0,30.0,1.0,-12.0,0,1,False Positive
2635.0,14.01595744680851,-0.05152264408460896,188.0,11.0,239.54545454545453,0.6962962962962963,60.54545454545455,17.316833638766855,12.0,2.0,96.0,37.0,59.0,0.02297740210453683,0.0,8.0,0.0,7.0,0.0,0.0,0.0,60.0,1.0,-16.0,1,0,False Negative
1525.0,14.38679245283019,0.003031394453507881,106.0,9.0,169.44444444444446,0.3925925925925926,87.0,9.626352718795768,4.0,1.0,95.0,73.0,22.0,0.057049180327868855,1.0,0.0,0.0,3.0,0.0,0.0,0.0,90.0,1.0,-15.0,1,0,False Negative
1531.0,13.31304347826087,-0.055027876321546695,115.0,9.0,170.11111111111111,0.42592592592592593,63.2,10.47377677822093,5.0,2.0,76.0,54.0,22.0,0.041280209013716526,1.0,12.0,0.0,4.0,0.0,0.0,0.0,120.0,1.0,-205.0,1,0,False Negative
377.0,9.425,-0.02308747813207041,40.0,7.0,53.857142857142854,0.14814814814814814,60.57142857142857,35.491112234178395,7.0,0.0,95.0,0.0,95.0,0.16066691928760893,1.0,12.0,0.0,9.0,0.0,0.0,0.0,120.0,1.0,-143.0,1,0,False Negative
1322.0,33.05,0.2861921962258079,40.0,12.0,110.16666666666667,0.14814814814814814,79.66666666666667,8.762869323907486,12.0,1.0,91.0,58.0,33.0,0.06026222894604136,1.0,6.0,2.0,6.0,0.0,0.0,0.0,75.0,1.0,-40.0,1,0,False Negative
2183.0,26.301204819277107,0.14083290238976678,83.0,10.0,218.3,0.3074074074074074,75.9090909090909,11.166508366132586,11.0,2.0,88.0,52.0,36.0,0.03477283138300087,1.0,7.0,2.0,5.0,0.0,0.0,0.0,60.0,1.0,-123.0,1,0,False Negative
1252.0,14.227272727272727,-0.03073675026191264,88.0,9.0,139.11111111111111,0.32592592592592595,55.42857142857143,24.57544264000917,7.0,0.0,76.0,4.0,72.0,0.04427202190780466,0.0,5.0,0.0,3.0,1.0,1.0,2.0,60.0,1.0,-66.0,1,0,False Negative
622.0,13.521739130434783,0.035058420699201884,46.0,9.0,69.11111111111111,0.17037037037037037,52.857142857142854,25.05612747033196,7.0,0.0,71.0,16.0,55.0,0.08497932935231971,1.0,5.0,0.0,8.0,0.0,0.0,0.0,60.0,1.0,-127.0,0,1,False Positive
58.0,8.285714285714286,-0.0003773406914768181,7.0,7.0,8.285714285714286,0.025925925925925925,74.0,25.514701644346147,3.0,2.0,99.0,48.0,51.0,1.2758620689655173,1.0,12.0,1.0,3.0,0.0,0.0,1.0,30.0,1.0,-24.0,0,1,False Positive
4.0,1.3333333333333333,-0.004202501954652073,3.0,2.0,2.0,0.011111111111111112,58.111111111111114,13.587167148125877,9.0,1.0,78.0,40.0,38.0,14.527777777777779,1.0,2.0,4.0,2.0,0.0,0.0,1.0,30.0,1.0,-17.0,0,1,False Positive
458.0,13.085714285714285,0.07093532010854611,35.0,7.0,65.42857142857143,0.12962962962962962,70.0,20.0,7.0,3.0,100.0,50.0,50.0,0.15283842794759825,0.0,0.0,1.0,6.0,0.0,0.0,0.0,30.0,1.0,-86.0,1,0,False Negative
1242.0,15.146341463414634,-0.05238857886778635,82.0,9.0,138.0,0.3037037037037037,64.5,2.6457513110645925,4.0,1.0,67.0,61.0,6.0,0.051932367149758456,1.0,8.0,2.0,7.0,0.0,0.0,0.0,60.0,1.0,-79.0,1,0,False Negative
23.0,5.75,0.007639141506002182,4.0,4.0,5.75,0.014814814814814815,69.2,17.369513522260778,5.0,1.0,100.0,59.0,41.0,3.008695652173913,0.0,11.0,2.0,0.0,0.0,0.0,0.0,60.0,1.0,-41.0,0,1,False Positive
585.0,12.446808510638299,-0.00018568380858955617,47.0,9.0,65.0,0.17407407407407408,68.28571428571429,11.499482390007616,7.0,0.0,87.0,52.0,35.0,0.11672771672771674,1.0,2.0,0.0,1.0,0.0,0.0,0.0,60.0,1.0,-135.0,1,0,False Negative
325.0,11.607142857142858,-0.055650938713640886,28.0,7.0,46.42857142857143,0.1037037037037037,64.88888888888889,16.892634818497413,9.0,3.0,100.0,40.0,60.0,0.19965811965811964,0.0,11.0,0.0,2.0,1.0,0.0,0.0,150.0,1.0,-69.0,1,0,False Negative
6335.0,32.32142857142857,-0.14885173194108114,196.0,14.0,452.5,0.725925925925926,81.16666666666667,14.50914027484577,12.0,1.0,96.0,57.0,39.0,0.012812417784793476,1.0,1.0,2.0,5.0,0.0,0.0,0.0,120.0,1.0,-154.0,1,0,False Negative
584.0,7.684210526315789,-0.011993997948304915,76.0,9.0,64.88888888888889,0.2814814814814815,55.714285714285715,21.952329304763126,7.0,0.0,80.0,27.0,53.0,0.09540117416829746,1.0,8.0,2.0,8.0,0.0,0.0,0.0,60.0,1.0,-59.0,1,0,False Negative
286.0,9.862068965517242,-0.014403851860225234,29.0,6.0,47.666666666666664,0.10740740740740741,78.6,20.315292543084656,10.0,2.0,100.0,47.0,53.0,0.2748251748251748,0.0,0.0,0.0,7.0,1.0,0.0,0.0,60.0,1.0,-22.0,1,0,False Negative
373.0,23.3125,-0.009582583974949136,16.0,6.0,62.166666666666664,0.05925925925925926,71.36363636363636,16.806384068399286,11.0,1.0,100.0,54.0,46.0,0.19132342188642457,0.0,9.0,2.0,6.0,0.0,0.0,1.0,120.0,1.0,-25.0,1,0,False Negative
324.0,15.428571428571429,-0.015913204507171923,21.0,7.0,46.285714285714285,0.07777777777777778,72.7,20.039128390892323,10.0,2.0,100.0,35.0,65.0,0.22438271604938273,1.0,3.0,2.0,4.0,0.0,0.0,0.0,60.0,1.0,-31.0,1,0,False Negative
2142.0,23.282608695652176,0.1600054971404558,92.0,12.0,178.5,0.34074074074074073,71.81818181818181,9.847011544810758,11.0,2.0,92.0,56.0,36.0,0.03352856294032765,1.0,5.0,0.0,0.0,0.0,0.0,1.0,120.0,1.0,-24.0,1,0,False Negative
1157.0,26.906976744186046,0.030911046301313517,43.0,10.0,115.7,0.15925925925925927,72.55555555555556,11.641639823400212,9.0,4.0,89.0,48.0,41.0,0.06271007394602901,1.0,8.0,0.0,7.0,0.0,0.0,0.0,60.0,1.0,-44.0,0,1,False Positive
361.0,20.055555555555557,0.10505512261035042,18.0,7.0,51.57142857142857,0.06666666666666667,76.8,13.330416347586448,5.0,1.0,100.0,68.0,32.0,0.21274238227146813,0.0,1.0,2.0,4.0,0.0,0.0,0.0,60.0,1.0,-122.0,1,0,False Negative
1378.0,18.13157894736842,0.12051654765697646,76.0,8.0,172.25,0.2814814814814815,59.083333333333336,11.437246436997238,12.0,1.0,74.0,36.0,38.0,0.04287614900822448,1.0,11.0,0.0,4.0,0.0,0.0,0.0,90.0,1.0,-64.0,1,0,False Negative
165.0,4.024390243902439,-0.0009285824174794083,41.0,7.0,23.571428571428573,0.15185185185185185,53.5,17.155174146594955,6.0,1.0,75.0,34.0,41.0,0.3242424242424242,1.0,10.0,1.0,0.0,0.0,0.0,0.0,90.0,1.0,-22.0,1,0,False Negative
292.0,11.68,-0.029465137997730904,25.0,6.0,48.666666666666664,0.09259259259259259,55.6,14.117365193264643,5.0,1.0,68.0,39.0,29.0,0.19041095890410958,1.0,10.0,1.0,5.0,1.0,0.0,0.0,120.0,1.0,-60.0,1,0,False Negative
1051.0,10.51,-0.06496566072729845,100.0,8.0,131.375,0.37037037037037035,81.11111111111111,18.791250919273867,9.0,3.0,100.0,40.0,60.0,0.0771751770800296,0.0,6.0,1.0,6.0,1.0,0.0,0.0,120.0,1.0,-94.0,1,0,False Negative
2249.0,43.25,0.39869017414913893,52.0,9.0,249.88888888888889,0.1925925925925926,56.583333333333336,16.45632419650895,12.0,1.0,74.0,14.0,60.0,0.025159330072624872,1.0,0.0,0.0,1.0,0.0,0.0,1.0,60.0,1.0,-130.0,0,1,False Positive
528.0,9.6,-0.03247034211119116,55.0,7.0,75.42857142857143,0.2037037037037037,89.77777777777777,10.146154170149618,9.0,3.0,100.0,77.0,23.0,0.17003367003367,0.0,10.0,1.0,1.0,1.0,0.0,0.0,150.0,1.0,-34.0,1,0,False Negative
922.0,13.761194029850746,-0.015319679535547021,67.0,7.0,131.71428571428572,0.24814814814814815,59.75,28.724056617605886,8.0,2.0,92.0,27.0,65.0,0.06480477223427332,1.0,6.0,0.0,5.0,1.0,0.0,0.0,60.0,1.0,-103.0,1,0,False Negative
3464.0,54.98412698412698,0.2802657317574736,63.0,13.0,266.46153846153845,0.23333333333333334,68.41666666666667,12.003471720020562,12.0,1.0,88.0,48.0,40.0,0.019750769822940724,1.0,2.0,2.0,2.0,0.0,0.0,0.0,60.0,1.0,-25.0,1,0,False Negative
116.0,9.666666666666666,0.004377738063230482,12.0,8.0,14.5,0.044444444444444446,79.0,5.966573556070519,6.0,1.0,89.0,73.0,16.0,0.6810344827586207,1.0,10.0,0.0,3.0,1.0,0.0,1.0,60.0,1.0,-94.0,1,0,False Negative
3729.0,28.037593984962406,-0.25551758105548694,133.0,7.0,532.7142857142857,0.4925925925925926,81.8,8.729261137118078,5.0,5.0,94.0,70.0,24.0,0.021936175918476804,1.0,0.0,1.0,1.0,0.0,0.0,0.0,30.0,1.0,-64.0,0,1,False Positive
1485.0,30.9375,0.6895954525509864,48.0,11.0,135.0,0.17777777777777778,67.91666666666667,11.540114489217272,12.0,1.0,79.0,52.0,27.0,0.0457351290684624,1.0,3.0,0.0,1.0,0.0,0.0,1.0,60.0,1.0,-22.0,1,0,False Negative
1228.0,45.48148148148148,0.7047887948682954,27.0,11.0,111.63636363636364,0.1,56.63636363636363,10.259363793849277,12.0,1.0,74.0,40.0,34.0,0.046120817293455726,1.0,8.0,2.0,9.0,1.0,1.0,0.0,60.0,1.0,-129.0,1,0,False Negative
291.0,8.818181818181818,0.011085153386840805,33.0,7.0,41.57142857142857,0.12222222222222222,73.54545454545455,33.94219685395639,11.0,1.0,100.0,15.0,85.0,0.2527335207747579,0.0,8.0,2.0,9.0,0.0,0.0,0.0,60.0,1.0,-28.0,1,0,False Negative
745.0,13.545454545454545,-0.08968079439679272,55.0,8.0,93.125,0.2037037037037037,54.666666666666664,12.055427546683415,3.0,7.0,66.0,42.0,24.0,0.07337807606263982,1.0,11.0,1.0,9.0,0.0,0.0,0.0,60.0,0.0,5.0,0,1,False Positive
1731.0,18.612903225806452,-0.02919110997702399,93.0,11.0,157.36363636363637,0.34444444444444444,63.5,15.814262837417022,12.0,2.0,84.0,36.0,48.0,0.036683997689196994,0.0,7.0,0.0,7.0,1.0,0.0,0.0,60.0,1.0,-25.0,1,0,False Negative
1120.0,15.555555555555555,-0.08023638366144373,72.0,10.0,112.0,0.26666666666666666,82.7,16.586808681064063,10.0,2.0,100.0,60.0,40.0,0.07383928571428572,0.0,11.0,0.0,3.0,1.0,0.0,1.0,60.0,1.0,-21.0,1,0,False Negative
553.0,13.487804878048781,0.00031757941468822074,41.0,7.0,79.0,0.15185185185185185,60.0,4.358898943540674,3.0,2.0,65.0,57.0,8.0,0.10849909584086799,1.0,10.0,0.0,1.0,0.0,0.0,0.0,150.0,1.0,-23.0,0,1,False Positive
3181.0,23.917293233082706,-0.006290372877731091,133.0,9.0,353.44444444444446,0.4925925925925926,81.44444444444444,23.68602494674397,9.0,1.0,100.0,28.0,72.0,0.025603409130601835,1.0,8.0,2.0,3.0,1.0,0.0,0.0,90.0,1.0,-129.0,1,0,False Negative
283.0,7.256410256410256,0.0003441714785546608,39.0,8.0,35.375,0.14444444444444443,72.22222222222223,17.005717992617793,9.0,3.0,100.0,59.0,41.0,0.2552021986650962,0.0,3.0,0.0,2.0,1.0,1.0,0.0,60.0,1.0,-88.0,0,1,False Positive
114.0,7.6,0.044921458924306816,15.0,7.0,16.285714285714285,0.05555555555555555,74.5,14.30284686946723,8.0,4.0,100.0,53.0,47.0,0.6535087719298246,0.0,1.0,0.0,6.0,0.0,0.0,0.0,120.0,1.0,-88.0,1,0,False Negative
1183.0,13.597701149425287,-0.043401915826106814,87.0,7.0,169.0,0.32222222222222224,46.4,5.594640292279745,5.0,1.0,54.0,40.0,14.0,0.039222316145393066,1.0,12.0,2.0,9.0,0.0,0.0,0.0,240.0,1.0,-57.0,1,0,False Negative
243.0,11.571428571428571,-0.0023114979109790487,21.0,7.0,34.714285714285715,0.07777777777777778,66.36363636363636,18.45141039201463,11.0,1.0,100.0,40.0,60.0,0.2731013842124953,0.0,10.0,2.0,5.0,0.0,0.0,0.0,60.0,1.0,-49.0,1,0,False Negative
2134.0,20.718446601941746,-0.07072722313652814,103.0,11.0,194.0,0.3814814814814815,70.0909090909091,17.863115884159434,11.0,3.0,94.0,35.0,59.0,0.03284484962085712,1.0,6.0,1.0,6.0,0.0,0.0,0.0,60.0,1.0,-68.0,0,1,False Positive
313.0,16.473684210526315,-0.016502611650023022,19.0,7.0,44.714285714285715,0.07037037037037037,63.8,11.144505372604026,5.0,1.0,80.0,50.0,30.0,0.20383386581469648,0.0,10.0,2.0,4.0,0.0,0.0,2.0,90.0,1.0,-27.0,1,0,False Negative
447.0,9.51063829787234,0.023819675356682814,47.0,8.0,55.875,0.17407407407407408,48.875,14.999404750094014,8.0,2.0,73.0,31.0,42.0,0.1093400447427293,0.0,0.0,0.0,4.0,1.0,0.0,0.0,120.0,1.0,-123.0,0,1,False Positive
981.0,22.295454545454547,-0.05164137500667274,44.0,8.0,122.625,0.16296296296296298,68.77777777777777,16.998365934537485,9.0,1.0,84.0,30.0,54.0,0.07010986521689885,1.0,9.0,1.0,3.0,0.0,0.0,0.0,30.0,1.0,-45.0,1,0,False Negative
14.0,2.0,-0.01086597529559416,7.0,3.0,4.666666666666667,0.025925925925925925,56.2,26.780589986032794,5.0,1.0,100.0,38.0,62.0,4.014285714285714,0.0,12.0,0.0,4.0,0.0,0.0,0.0,60.0,1.0,-71.0,1,0,False Negative
171.0,21.375,0.07199340967561613,8.0,5.0,34.2,0.02962962962962963,61.5,28.42031466599703,8.0,2.0,100.0,0.0,100.0,0.35964912280701755,0.0,3.0,0.0,0.0,0.0,0.0,0.0,30.0,1.0,-22.0,1,0,False Negative
381.0,16.565217391304348,-0.08230595681989607,23.0,6.0,63.5,0.08518518518518518,66.54545454545455,17.32837924540917,11.0,1.0,100.0,40.0,60.0,0.17465998568360774,0.0,11.0,0.0,3.0,0.0,0.0,0.0,60.0,1.0,-46.0,1,0,False Negative
1559.0,25.983333333333334,-0.0007514296519897882,60.0,8.0,194.875,0.2222222222222222,95.2,4.604345773288534,5.0,5.0,100.0,90.0,10.0,0.06106478511866582,1.0,10.0,1.0,8.0,0.0,0.0,0.0,90.0,1.0,-28.0,1,0,False Negative
2569.0,15.201183431952662,-0.0495157465709818,169.0,9.0,285.44444444444446,0.6259259259259259,93.875,8.609587678861276,8.0,4.0,100.0,81.0,19.0,0.03654145581938498,0.0,0.0,0.0,3.0,0.0,0.0,0.0,120.0,1.0,-130.0,1,0,False Negative
1919.0,13.514084507042254,-0.0516666048683573,142.0,10.0,191.9,0.5259259259259259,75.61538461538461,20.312305225890622,13.0,1.0,100.0,32.0,68.0,0.03940353549524993,0.0,9.0,2.0,6.0,0.0,0.0,0.0,60.0,1.0,-28.0,1,0,False Negative
1186.0,21.178571428571427,0.030798260128455653,56.0,9.0,131.77777777777777,0.2074074074074074,56.42857142857143,14.257829929050015,7.0,0.0,76.0,38.0,38.0,0.047578896651409304,0.0,12.0,2.0,4.0,0.0,0.0,0.0,120.0,1.0,-67.0,1,0,False Negative
269.0,11.208333333333334,-0.007345485161536143,24.0,7.0,38.42857142857143,0.08888888888888889,72.3,17.77044987862966,10.0,2.0,100.0,52.0,48.0,0.2687732342007435,0.0,3.0,3.0,5.0,0.0,0.0,1.0,60.0,1.0,-36.0,1,0,False Negative
1411.0,12.598214285714286,-0.038213238040032745,112.0,9.0,156.77777777777777,0.4148148148148148,52.142857142857146,14.971401308590226,7.0,0.0,79.0,38.0,41.0,0.036954540852485576,0.0,9.0,0.0,2.0,0.0,0.0,0.0,90.0,1.0,-152.0,1,0,False Negative
910.0,24.594594594594593,-0.05303194311657496,37.0,6.0,151.66666666666666,0.13703703703703704,60.0,15.545631755148024,7.0,3.0,80.0,40.0,40.0,0.06593406593406594,0.0,5.0,2.0,5.0,0.0,0.0,0.0,30.0,1.0,-85.0,1,0,False Negative
648.0,14.08695652173913,-0.05917055768894062,46.0,7.0,92.57142857142857,0.17037037037037037,82.27272727272727,14.880127076681227,11.0,1.0,100.0,55.0,45.0,0.12696408529741862,1.0,10.0,0.0,2.0,0.0,1.0,0.0,120.0,1.0,-11.0,1,0,False Negative
4960.0,47.23809523809524,0.2063095618423556,105.0,11.0,450.90909090909093,0.3888888888888889,92.0,9.841602656942765,8.0,5.0,100.0,77.0,23.0,0.018548387096774192,1.0,7.0,0.0,6.0,1.0,1.0,0.0,120.0,1.0,-29.0,1,0,False Negative
737.0,11.887096774193548,-0.022296823450098407,62.0,8.0,92.125,0.22962962962962963,44.857142857142854,9.78823394742503,7.0,0.0,59.0,35.0,24.0,0.060864508625702654,0.0,5.0,0.0,6.0,0.0,0.0,1.0,120.0,1.0,-145.0,0,1,False Positive
841.0,22.13157894736842,0.11452381314080355,38.0,6.0,140.16666666666666,0.14074074074074075,66.5,2.3804761428476167,4.0,2.0,68.0,63.0,5.0,0.07907253269916766,0.0,8.0,2.0,5.0,0.0,0.0,0.0,120.0,1.0,-67.0,0,1,False Positive
761.0,7.46078431372549,-0.014915650582345723,102.0,9.0,84.55555555555556,0.37777777777777777,60.857142857142854,13.196319833304175,7.0,0.0,73.0,36.0,37.0,0.07996996433264501,0.0,1.0,0.0,0.0,0.0,0.0,0.0,60.0,1.0,-160.0,1,0,False Negative
1306.0,21.40983606557377,0.07057298375300086,61.0,13.0,100.46153846153847,0.22592592592592592,75.875,20.69118169655856,8.0,5.0,94.0,44.0,50.0,0.058097243491577334,1.0,1.0,2.0,1.0,0.0,0.0,0.0,60.0,1.0,-142.0,0,1,False Positive
509.0,19.576923076923077,-0.09905676844602763,26.0,6.0,84.83333333333333,0.0962962962962963,43.8,9.23038460737146,5.0,1.0,52.0,30.0,22.0,0.08605108055009823,1.0,10.0,2.0,2.0,1.0,0.0,0.0,120.0,1.0,-129.0,0,1,False Positive
1860.0,15.245901639344263,0.0042403493846091805,122.0,8.0,232.5,0.45185185185185184,90.25,10.144785195688799,4.0,1.0,98.0,76.0,22.0,0.04852150537634409,1.0,7.0,0.0,8.0,0.0,0.0,0.0,120.0,1.0,-106.0,1,0,False Negative
1203.0,9.624,-0.031072728420993543,125.0,9.0,133.66666666666666,0.46296296296296297,57.833333333333336,15.484400752585376,6.0,1.0,81.0,38.0,43.0,0.04807425879745082,1.0,8.0,0.0,5.0,1.0,0.0,0.0,120.0,1.0,-156.0,1,0,False Negative
7551.0,82.97802197802197,0.4516273438967708,91.0,8.0,943.875,0.337037037037037,64.57142857142857,24.439429500004994,7.0,3.0,100.0,36.0,64.0,0.008551374463174225,1.0,3.0,0.0,5.0,1.0,0.0,0.0,60.0,1.0,-67.0,1,0,False Negative
1224.0,19.741935483870968,-0.04830481171150049,62.0,9.0,136.0,0.22962962962962963,58.0,16.227548592850784,7.0,0.0,80.0,37.0,43.0,0.04738562091503268,1.0,0.0,2.0,7.0,1.0,0.0,0.0,60.0,1.0,-198.0,1,0,False Negative
352.0,19.555555555555557,-0.01732310034450016,18.0,8.0,44.0,0.06666666666666667,65.8,20.93800372528384,10.0,2.0,100.0,40.0,60.0,0.18693181818181817,1.0,3.0,2.0,0.0,1.0,0.0,0.0,60.0,1.0,-28.0,1,0,False Negative
643.0,33.8421052631579,-0.00420634409985843,19.0,8.0,80.375,0.07037037037037037,92.33333333333333,7.637626158259734,3.0,2.0,99.0,84.0,15.0,0.14359771902540175,1.0,1.0,0.0,0.0,0.0,0.0,0.0,60.0,1.0,-149.0,0,1,False Positive
2619.0,24.942857142857143,-0.05908449266555739,105.0,14.0,187.07142857142858,0.3888888888888889,61.0,11.265393508843397,12.0,1.0,78.0,46.0,32.0,0.023291332569683087,1.0,3.0,2.0,2.0,0.0,0.0,0.0,60.0,1.0,-196.0,1,0,False Negative
830.0,19.761904761904763,-0.011795662076911045,42.0,10.0,83.0,0.15555555555555556,80.75,6.291528696058957,4.0,1.0,90.0,76.0,14.0,0.09728915662650603,1.0,4.0,0.0,1.0,0.0,0.0,0.0,60.0,1.0,-36.0,1,0,False Negative
818.0,22.10810810810811,-0.06937488027435278,37.0,9.0,90.88888888888889,0.13703703703703704,50.0,22.733235581412515,6.0,1.0,80.0,18.0,62.0,0.061124694376528114,1.0,7.0,0.0,9.0,0.0,0.0,0.0,90.0,1.0,-68.0,1,0,False Negative
704.0,22.0,0.08253263362614706,32.0,7.0,100.57142857142857,0.11851851851851852,91.0,9.812528434899658,8.0,2.0,100.0,79.0,21.0,0.12926136363636365,1.0,3.0,2.0,7.0,0.0,0.0,0.0,30.0,1.0,-44.0,1,0,False Negative
644.0,13.142857142857142,-0.00011522977606725103,49.0,7.0,92.0,0.1814814814814815,70.1,27.208862935121385,10.0,2.0,100.0,25.0,75.0,0.10885093167701862,0.0,6.0,2.0,0.0,0.0,0.0,2.0,90.0,1.0,-87.0,1,0,False Negative
1062.0,25.285714285714285,-0.19757070663841486,42.0,8.0,132.75,0.15555555555555556,84.0,15.53061492665374,6.0,4.0,98.0,54.0,44.0,0.07909604519774012,1.0,10.0,0.0,2.0,1.0,0.0,0.0,30.0,1.0,-70.0,1,0,False Negative
2059.0,21.904255319148938,0.026255753222223382,94.0,10.0,205.9,0.34814814814814815,51.75,12.500000000000002,4.0,1.0,68.0,38.0,30.0,0.025133559980573095,0.0,3.0,0.0,4.0,1.0,0.0,0.0,60.0,1.0,-46.0,1,0,False Negative
799.0,10.376623376623376,-0.009592092224597754,77.0,9.0,88.77777777777777,0.2851851851851852,50.285714285714285,12.06529852806919,7.0,0.0,72.0,38.0,34.0,0.06293581262292151,1.0,0.0,2.0,9.0,0.0,0.0,0.0,60.0,1.0,-29.0,1,0,False Negative
381.0,22.41176470588235,0.17257180263480898,17.0,7.0,54.42857142857143,0.06296296296296296,72.0,15.930404193798033,10.0,2.0,100.0,40.0,60.0,0.1889763779527559,1.0,0.0,1.0,7.0,0.0,0.0,1.0,60.0,1.0,-71.0,1,0,False Negative
680.0,17.435897435897434,-0.07822198620472769,39.0,9.0,75.55555555555556,0.14444444444444443,53.0,31.44307024873154,4.0,1.0,81.0,10.0,71.0,0.07794117647058824,1.0,0.0,2.0,8.0,0.0,0.0,0.0,60.0,1.0,-32.0,0,1,False Positive
408.0,10.736842105263158,0.011298391396513905,38.0,8.0,51.0,0.14074074074074075,69.16666666666667,22.24784633771698,6.0,1.0,100.0,33.0,67.0,0.16952614379084968,0.0,8.0,2.0,0.0,0.0,0.0,1.0,60.0,1.0,-161.0,1,0,False Negative
8002.0,34.791304347826085,0.009703057144031505,230.0,14.0,571.5714285714286,0.8518518518518519,61.083333333333336,9.129954030884306,12.0,1.0,72.0,42.0,30.0,0.0076335082895942685,1.0,4.0,2.0,2.0,1.0,0.0,1.0,90.0,1.0,-57.0,1,0,False Negative
2677.0,66.925,0.42395237144541864,40.0,11.0,243.36363636363637,0.14814814814814814,67.16666666666667,11.761519176251566,12.0,1.0,85.0,45.0,40.0,0.025090275183663305,1.0,2.0,0.0,5.0,1.0,0.0,0.0,60.0,1.0,-22.0,1,0,False Negative
500.0,11.363636363636363,0.011623080557602708,44.0,7.0,71.42857142857143,0.16296296296296298,74.8,18.512158166999328,5.0,5.0,96.0,54.0,42.0,0.14959999999999998,0.0,8.0,2.0,3.0,0.0,1.0,0.0,180.0,1.0,-31.0,0,1,False Positive
191.0,31.833333333333332,-0.15393017776825876,6.0,9.0,21.22222222222222,0.022222222222222223,61.142857142857146,15.35609077237836,7.0,5.0,80.0,35.0,45.0,0.32011967090501126,0.0,1.0,0.0,4.0,0.0,0.0,0.0,60.0,1.0,-24.0,0,1,False Positive
544.0,9.066666666666666,-0.0004969006398299379,60.0,8.0,68.0,0.2222222222222222,70.0,14.742229591663987,7.0,0.0,83.0,49.0,34.0,0.12867647058823528,0.0,5.0,0.0,0.0,0.0,0.0,0.0,60.0,1.0,-92.0,1,0,False Negative
414.0,11.18918918918919,-0.04817967202951972,37.0,8.0,51.75,0.13703703703703704,52.57142857142857,34.90872452008305,7.0,0.0,96.0,11.0,85.0,0.12698412698412698,1.0,11.0,2.0,7.0,0.0,0.0,0.0,60.0,1.0,-35.0,0,1,False Positive
1476.0,19.42105263157895,-0.054789263010277485,76.0,7.0,210.85714285714286,0.2814814814814815,60.0,12.46327939722661,4.0,2.0,73.0,47.0,26.0,0.04065040650406504,1.0,11.0,0.0,7.0,0.0,0.0,0.0,60.0,1.0,-107.0,0,1,False Positive
1422.0,47.4,0.17915719888791723,30.0,13.0,109.38461538461539,0.1111111111111111,56.0,11.560119533826784,12.0,1.0,78.0,32.0,46.0,0.03938115330520394,1.0,2.0,0.0,9.0,0.0,1.0,0.0,70.0,1.0,-58.0,0,1,False Positive
1680.0,23.013698630136986,0.0008525913471126128,73.0,9.0,186.66666666666666,0.27037037037037037,94.33333333333333,1.1547005383792526,3.0,2.0,95.0,93.0,2.0,0.056150793650793646,0.0,9.0,0.0,2.0,0.0,0.0,0.0,60.0,1.0,-114.0,1,0,False Negative
396.0,11.314285714285715,0.06988433160421434,35.0,6.0,66.0,0.12962962962962962,61.42857142857143,8.997354108424373,7.0,3.0,80.0,50.0,30.0,0.15512265512265513,0.0,3.0,2.0,3.0,0.0,0.0,0.0,30.0,1.0,-31.0,1,0,False Negative
227.0,9.458333333333334,-0.04732936555842948,24.0,6.0,37.833333333333336,0.08888888888888889,63.6,20.767763480933617,5.0,1.0,100.0,48.0,52.0,0.2801762114537445,1.0,10.0,0.0,7.0,0.0,0.0,0.0,60.0,1.0,-39.0,1,0,False Negative
522.0,9.0,-0.014550871914076141,58.0,8.0,65.25,0.21481481481481482,71.28571428571429,15.660079668957476,7.0,0.0,85.0,42.0,43.0,0.13656267104542968,1.0,5.0,0.0,4.0,0.0,0.0,1.0,120.0,1.0,-91.0,1,0,False Negative
854.0,21.35,0.016431093258588915,40.0,8.0,106.75,0.14814814814814814,69.25,20.076638876351502,8.0,2.0,88.0,26.0,62.0,0.08108899297423888,1.0,6.0,0.0,9.0,0.0,0.0,0.0,90.0,1.0,-15.0,1,0,False Negative
299.0,13.590909090909092,0.047613031204360064,22.0,6.0,49.833333333333336,0.08148148148148149,55.375,23.95792442715234,8.0,2.0,80.0,20.0,60.0,0.18520066889632106,0.0,12.0,2.0,7.0,0.0,0.0,0.0,30.0,1.0,-38.0,0,1,False Positive
866.0,24.055555555555557,0.04815494720145522,36.0,9.0,96.22222222222223,0.13333333333333333,74.25,15.823601474897037,12.0,1.0,99.0,46.0,53.0,0.08573903002309469,1.0,10.0,2.0,3.0,0.0,0.0,0.0,60.0,1.0,-37.0,1,0,False Negative
1534.0,21.013698630136986,-0.048791419546456744,73.0,10.0,153.4,0.27037037037037037,63.07142857142857,18.47436596482266,14.0,0.0,90.0,28.0,62.0,0.04111566399701993,1.0,3.0,2.0,5.0,0.0,0.0,0.0,90.0,1.0,-21.0,1,0,False Negative
384.0,5.485714285714286,-0.006805021567544183,70.0,7.0,54.857142857142854,0.25925925925925924,79.9,15.125034435222512,10.0,2.0,100.0,60.0,40.0,0.2080729166666667,0.0,0.0,2.0,0.0,0.0,0.0,0.0,60.0,1.0,-138.0,1,0,False Negative
7618.0,36.980582524271846,-0.0903358926705079,206.0,14.0,544.1428571428571,0.762962962962963,66.16666666666667,16.230349423972438,12.0,1.0,98.0,45.0,53.0,0.008685569265774044,0.0,6.0,1.0,4.0,1.0,0.0,0.0,60.0,1.0,-45.0,1,0,False Negative
236.0,9.44,-0.01742586949361064,25.0,9.0,26.22222222222222,0.09259259259259259,47.142857142857146,24.96950521088054,7.0,0.0,85.0,13.0,72.0,0.19975786924939468,0.0,8.0,0.0,5.0,0.0,0.0,0.0,60.0,1.0,-32.0,1,0,False Negative
131.0,5.954545454545454,-0.004643008308428103,22.0,6.0,21.833333333333332,0.08148148148148149,51.833333333333336,31.46691384083712,6.0,1.0,85.0,0.0,85.0,0.39567430025445294,1.0,0.0,0.0,9.0,0.0,1.0,0.0,120.0,1.0,-79.0,1,0,False Negative
1790.0,28.870967741935484,0.1685191622271209,62.0,12.0,149.16666666666666,0.22962962962962963,75.36363636363636,8.040805025278592,11.0,2.0,92.0,62.0,30.0,0.04210259014728288,1.0,1.0,0.0,4.0,0.0,0.0,0.0,60.0,1.0,-79.0,1,0,False Negative
206.0,17.166666666666668,0.07593055842910074,12.0,6.0,34.333333333333336,0.044444444444444446,63.75,34.61523198989551,8.0,2.0,100.0,0.0,100.0,0.3094660194174757,0.0,1.0,2.0,1.0,0.0,0.0,0.0,30.0,1.0,-29.0,1,0,False Negative
261.0,16.3125,0.06627177224976125,16.0,6.0,43.5,0.05925925925925926,77.22222222222223,24.38123139721299,9.0,1.0,100.0,40.0,60.0,0.29587058322690507,0.0,12.0,0.0,7.0,0.0,0.0,0.0,30.0,1.0,-71.0,1,0,False Negative
2202.0,37.32203389830509,0.35424640818404685,59.0,11.0,200.1818181818182,0.21851851851851853,61.083333333333336,9.529459903929816,12.0,1.0,79.0,51.0,28.0,0.02773993339388435,1.0,3.0,0.0,5.0,0.0,0.0,0.0,120.0,1.0,-23.0,1,0,False Negative
5012.0,37.12592592592593,0.11031948340868393,135.0,15.0,334.1333333333333,0.5,57.5,9.405027668994146,12.0,1.0,75.0,43.0,32.0,0.011472466081404628,1.0,7.0,2.0,8.0,0.0,0.0,0.0,120.0,1.0,-149.0,1,0,False Negative
900.0,12.32876712328767,0.08819577622093773,73.0,8.0,112.5,0.27037037037037037,51.75,12.606215398233788,4.0,6.0,60.0,33.0,27.0,0.0575,1.0,5.0,0.0,6.0,0.0,0.0,0.0,60.0,1.0,-17.0,0,1,False Positive
1504.0,10.820143884892087,-0.005940205382232126,139.0,9.0,167.11111111111111,0.5148148148148148,55.857142857142854,14.357675896288267,7.0,0.0,77.0,35.0,42.0,0.037139057750759874,1.0,9.0,2.0,1.0,0.0,1.0,0.0,150.0,1.0,-161.0,1,0,False Negative
417.0,13.9,0.0015418774985077187,30.0,8.0,52.125,0.1111111111111111,57.5,19.967473550752484,6.0,1.0,78.0,23.0,55.0,0.13788968824940048,1.0,6.0,2.0,6.0,0.0,1.0,0.0,60.0,1.0,-37.0,0,1,False Positive
797.0,11.069444444444445,-0.03982189670132188,72.0,9.0,88.55555555555556,0.26666666666666666,48.0,14.104009249964244,14.0,0.0,69.0,19.0,50.0,0.060225846925972396,1.0,2.0,2.0,3.0,0.0,0.0,1.0,60.0,1.0,-28.0,0,1,False Positive
418.0,8.038461538461538,-0.025718718403424736,52.0,8.0,52.25,0.1925925925925926,62.42857142857143,20.855512004081344,7.0,0.0,90.0,37.0,53.0,0.14935064935064934,1.0,9.0,0.0,6.0,0.0,0.0,0.0,60.0,1.0,-37.0,1,0,False Negative
2275.0,29.166666666666668,-0.2156492820879197,78.0,8.0,284.375,0.28888888888888886,85.6,10.89954127475097,5.0,5.0,100.0,74.0,26.0,0.037626373626373624,1.0,11.0,2.0,2.0,1.0,1.0,0.0,120.0,1.0,-107.0,0,1,False Positive
349.0,26.846153846153847,0.17743597980295717,13.0,6.0,58.166666666666664,0.04814814814814815,66.55555555555556,32.81810137375071,9.0,1.0,100.0,0.0,100.0,0.1907035975803884,0.0,0.0,2.0,0.0,1.0,0.0,0.0,30.0,1.0,-93.0,1,0,False Negative
514.0,15.575757575757576,0.01803277711028362,33.0,7.0,73.42857142857143,0.12222222222222222,84.1,12.413702106946173,10.0,2.0,100.0,62.0,38.0,0.16361867704280156,0.0,5.0,2.0,1.0,1.0,0.0,0.0,60.0,1.0,-28.0,1,0,False Negative
295.0,8.93939393939394,-0.021673338385867824,33.0,9.0,32.77777777777778,0.12222222222222222,77.2,12.11197754291181,5.0,2.0,89.0,64.0,25.0,0.26169491525423727,1.0,0.0,0.0,7.0,1.0,0.0,0.0,60.0,1.0,-114.0,1,0,False Negative
521.0,13.710526315789474,-0.06512348275801802,38.0,7.0,74.42857142857143,0.14074074074074075,81.36363636363636,18.88529971841976,11.0,1.0,100.0,53.0,47.0,0.15616820799162448,0.0,0.0,2.0,7.0,0.0,0.0,0.0,60.0,1.0,-107.0,1,0,False Negative
191.0,12.733333333333333,-0.029661850176755766,15.0,7.0,27.285714285714285,0.05555555555555555,76.0,15.026643005009468,11.0,1.0,100.0,50.0,50.0,0.39790575916230364,0.0,2.0,0.0,3.0,0.0,0.0,3.0,60.0,1.0,-60.0,1,0,False Negative
1388.0,22.03174603174603,0.019722523652369702,63.0,7.0,198.28571428571428,0.23333333333333334,75.33333333333333,18.91428031937774,9.0,1.0,100.0,51.0,49.0,0.05427473583093179,0.0,3.0,2.0,3.0,1.0,0.0,0.0,30.0,1.0,-67.0,1,0,False Negative
764.0,9.317073170731707,-0.015174770465370434,82.0,9.0,84.88888888888889,0.3037037037037037,66.14285714285714,17.22816077849066,7.0,0.0,88.0,44.0,44.0,0.08657442034405384,1.0,3.0,1.0,0.0,0.0,0.0,0.0,120.0,1.0,-174.0,1,0,False Negative
590.0,8.55072463768116,-0.031411513526314036,69.0,7.0,84.28571428571429,0.25555555555555554,91.22222222222223,11.088031585653262,9.0,3.0,100.0,72.0,28.0,0.1546139359698682,0.0,0.0,2.0,3.0,0.0,0.0,1.0,120.0,1.0,-113.0,1,0,False Negative
1381.0,32.116279069767444,-0.01091920672009962,43.0,10.0,138.1,0.15925925925925927,84.0,9.539392014169456,3.0,2.0,93.0,74.0,19.0,0.0608254887762491,0.0,6.0,2.0,0.0,0.0,0.0,0.0,60.0,1.0,-23.0,0,1,False Positive
475.0,9.693877551020408,-0.028392283211229153,49.0,7.0,67.85714285714286,0.1814814814814815,70.2,23.16510786122573,11.0,1.0,100.0,20.0,80.0,0.14778947368421053,0.0,10.0,1.0,0.0,0.0,0.0,0.0,60.0,1.0,-30.0,1,0,False Negative
966.0,29.272727272727273,0.3274974186019737,33.0,8.0,120.75,0.12222222222222222,71.0,11.257320850329915,12.0,1.0,93.0,51.0,42.0,0.07349896480331262,1.0,3.0,0.0,1.0,1.0,1.0,1.0,120.0,1.0,-109.0,1,0,False Negative
1950.0,20.967741935483872,-0.015690283255889097,93.0,9.0,216.66666666666666,0.34444444444444444,90.0,0.816496580927726,4.0,1.0,91.0,89.0,2.0,0.046153846153846156,0.0,12.0,1.0,3.0,1.0,0.0,0.0,60.0,1.0,-43.0,1,0,False Negative
1633.0,62.80769230769231,0.7557078554619833,26.0,10.0,163.3,0.0962962962962963,71.45454545454545,9.760774931977856,11.0,2.0,86.0,57.0,29.0,0.04375661081111173,1.0,5.0,2.0,7.0,0.0,0.0,0.0,90.0,1.0,-116.0,0,1,False Positive
3923.0,16.836909871244636,-0.08560178359400201,233.0,9.0,435.8888888888889,0.8629629629629629,57.285714285714285,16.690459207925606,7.0,0.0,85.0,31.0,54.0,0.014602527220421688,1.0,1.0,0.0,5.0,0.0,0.0,1.0,90.0,1.0,-20.0,0,1,False Positive
1451.0,26.87037037037037,-0.12172409355905252,54.0,7.0,207.28571428571428,0.2,42.8,21.764650238402638,5.0,5.0,80.0,27.0,53.0,0.029496898690558233,1.0,1.0,2.0,9.0,0.0,0.0,0.0,30.0,1.0,-30.0,0,1,False Positive
3550.0,39.010989010989015,-0.03706990521149525,91.0,12.0,295.8333333333333,0.337037037037037,70.08333333333333,9.755728697757148,12.0,1.0,86.0,56.0,30.0,0.019741784037558684,1.0,2.0,2.0,3.0,0.0,0.0,0.0,90.0,1.0,-15.0,1,0,False Negative
421.0,9.355555555555556,-0.008790936100324066,45.0,9.0,46.77777777777778,0.16666666666666666,62.0,26.369173922088144,7.0,0.0,85.0,12.0,73.0,0.14726840855106887,1.0,11.0,0.0,0.0,0.0,0.0,0.0,120.0,1.0,-95.0,1,0,False Negative
1231.0,15.3875,-0.05225650449477001,80.0,10.0,123.1,0.2962962962962963,75.6,14.117365193264641,5.0,2.0,87.0,52.0,35.0,0.061413484971567824,0.0,8.0,0.0,5.0,1.0,0.0,0.0,60.0,1.0,-21.0,1,0,False Negative
875.0,16.50943396226415,-0.00017907729069324826,53.0,6.0,145.83333333333334,0.1962962962962963,68.66666666666667,26.22022120425379,9.0,1.0,94.0,21.0,73.0,0.07847619047619048,1.0,7.0,0.0,3.0,0.0,0.0,0.0,120.0,1.0,-138.0,1,0,False Negative
1779.0,14.825,-0.002361031266162444,120.0,10.0,177.9,0.4444444444444444,56.142857142857146,16.190826326746176,7.0,0.0,70.0,26.0,44.0,0.03155866056371959,1.0,8.0,2.0,6.0,1.0,0.0,0.0,60.0,1.0,-56.0,1,0,False Negative
601.0,19.387096774193548,0.11814507340558726,31.0,7.0,85.85714285714286,0.11481481481481481,78.25,10.99025542404335,8.0,2.0,100.0,60.0,40.0,0.13019966722129783,0.0,5.0,2.0,1.0,1.0,0.0,0.0,30.0,1.0,-38.0,1,0,False Negative
438.0,6.9523809523809526,-0.009871483474224655,63.0,8.0,54.75,0.23333333333333334,46.0,19.27865832122834,7.0,0.0,65.0,18.0,47.0,0.1050228310502283,1.0,0.0,0.0,8.0,0.0,1.0,0.0,90.0,1.0,-43.0,0,1,False Positive
894.0,12.416666666666666,-0.02134655138999548,72.0,8.0,111.75,0.26666666666666666,51.46153846153846,21.042082377208555,13.0,1.0,76.0,4.0,72.0,0.057563242127000515,1.0,6.0,1.0,5.0,0.0,0.0,0.0,60.0,1.0,-34.0,1,0,False Negative
380.0,19.0,-0.09743136979858573,20.0,8.0,47.5,0.07407407407407407,64.5,13.403979508588733,4.0,1.0,82.0,50.0,32.0,0.16973684210526316,1.0,1.0,0.0,4.0,1.0,0.0,0.0,160.0,1.0,-45.0,0,1,False Positive
3142.0,46.8955223880597,0.38289887103344905,67.0,10.0,314.2,0.24814814814814815,71.0,12.291904209312285,12.0,1.0,96.0,52.0,44.0,0.02259707192870783,1.0,12.0,2.0,6.0,0.0,0.0,0.0,120.0,1.0,-25.0,1,0,False Negative
347.0,19.27777777777778,-0.08383309552250659,18.0,8.0,43.375,0.06666666666666667,69.33333333333333,26.34894052265986,6.0,4.0,94.0,27.0,67.0,0.19980787704130643,1.0,8.0,0.0,2.0,0.0,0.0,0.0,60.0,1.0,-22.0,0,1,False Positive
202.0,13.466666666666667,-0.0732337912676315,15.0,7.0,28.857142857142858,0.05555555555555555,55.6,25.481365740477884,5.0,1.0,100.0,35.0,65.0,0.27524752475247527,0.0,2.0,2.0,2.0,0.0,0.0,0.0,120.0,1.0,-150.0,1,0,False Negative
181.0,20.11111111111111,0.14985411764705883,9.0,6.0,30.166666666666668,0.03333333333333333,73.57142857142857,18.41970994032518,7.0,3.0,100.0,40.0,60.0,0.4064719810576164,1.0,7.0,2.0,8.0,1.0,0.0,0.0,30.0,1.0,-41.0,1,0,False Negative
1749.0,33.63461538461539,0.06003391930534886,52.0,10.0,174.9,0.1925925925925926,75.625,19.13812574791108,8.0,5.0,93.0,39.0,54.0,0.04323899371069182,1.0,5.0,2.0,0.0,0.0,0.0,0.0,60.0,1.0,-155.0,0,1,False Positive
155.0,9.6875,-0.006429521923988186,16.0,7.0,22.142857142857142,0.05925925925925926,73.66666666666667,13.209844813622908,9.0,3.0,100.0,55.0,45.0,0.4752688172043011,0.0,11.0,0.0,1.0,0.0,0.0,0.0,60.0,1.0,-29.0,1,0,False Negative
233.0,8.62962962962963,0.0002448396444352283,27.0,7.0,33.285714285714285,0.1,56.111111111111114,18.106935442285952,9.0,3.0,80.0,20.0,60.0,0.2408202193609919,0.0,2.0,0.0,2.0,0.0,0.0,0.0,120.0,1.0,-28.0,1,0,False Negative
717.0,19.37837837837838,-0.12192425941875136,37.0,8.0,89.625,0.13703703703703704,64.4,19.969977466186585,5.0,1.0,100.0,54.0,46.0,0.0898186889818689,0.0,10.0,2.0,5.0,1.0,0.0,0.0,60.0,0.0,16.0,1,0,False Negative
2822.0,24.97345132743363,0.14334880191117425,113.0,8.0,352.75,0.4185185185185185,41.0,14.057026712644463,6.0,4.0,56.0,20.0,36.0,0.014528703047484054,1.0,11.0,0.0,4.0,1.0,0.0,0.0,45.0,1.0,-17.0,0,1,False Positive
1183.0,10.025423728813559,-0.010830340543198176,118.0,9.0,131.44444444444446,0.43703703703703706,62.142857142857146,17.525491637693282,7.0,0.0,90.0,36.0,54.0,0.05252988769472286,1.0,0.0,2.0,8.0,0.0,0.0,0.0,60.0,1.0,-29.0,1,0,False Negative
1303.0,20.359375,-0.0629922451393765,64.0,7.0,186.14285714285714,0.23703703703703705,58.6,20.731618364228105,5.0,5.0,86.0,30.0,56.0,0.04497313891020722,1.0,1.0,0.0,6.0,1.0,0.0,0.0,60.0,1.0,-65.0,0,1,False Positive
281.0,9.689655172413794,-0.020733708109915327,29.0,7.0,40.142857142857146,0.10740740740740741,94.5,4.1231056256176615,4.0,6.0,100.0,90.0,10.0,0.33629893238434166,0.0,6.0,1.0,2.0,1.0,0.0,0.0,60.0,1.0,-22.0,0,1,False Positive
4890.0,24.45,0.08172984309227874,200.0,13.0,376.15384615384613,0.7407407407407407,75.25,8.955699048904306,12.0,1.0,90.0,52.0,38.0,0.015388548057259714,1.0,5.0,2.0,7.0,0.0,0.0,0.0,90.0,1.0,-24.0,1,0,False Negative
5456.0,65.73493975903614,-0.17295741680871482,83.0,8.0,682.0,0.3074074074074074,78.5,20.830266440926767,6.0,6.0,100.0,45.0,55.0,0.01438782991202346,0.0,8.0,0.0,6.0,0.0,0.0,0.0,90.0,1.0,-57.0,0,1,False Positive
2178.0,33.0,0.14188114180519085,66.0,13.0,167.53846153846155,0.24444444444444444,84.625,6.523309852258394,8.0,5.0,94.0,74.0,20.0,0.0388544536271809,1.0,1.0,2.0,7.0,1.0,0.0,0.0,60.0,1.0,-101.0,0,1,False Positive
2138.0,19.796296296296298,-0.02053382155313486,108.0,12.0,178.16666666666666,0.4,56.09090909090909,11.725651755485028,11.0,2.0,78.0,40.0,38.0,0.026235224083680585,1.0,11.0,2.0,1.0,0.0,0.0,0.0,60.0,1.0,-124.0,1,0,False Negative
3624.0,84.27906976744185,0.927614151647978,43.0,10.0,362.4,0.15925925925925927,85.08333333333333,18.067843526469055,12.0,1.0,100.0,56.0,44.0,0.02347774098601913,1.0,8.0,0.0,9.0,0.0,0.0,2.0,240.0,1.0,-17.0,1,0,False Negative
184.0,16.727272727272727,0.01624758440377401,11.0,7.0,26.285714285714285,0.040740740740740744,85.71428571428571,17.895197546774813,7.0,3.0,100.0,65.0,35.0,0.4658385093167702,0.0,0.0,2.0,3.0,0.0,0.0,0.0,30.0,1.0,-56.0,1,0,False Negative
404.0,7.921568627450981,0.0014319823038114398,51.0,10.0,40.4,0.18888888888888888,65.42857142857143,13.599719885070462,7.0,0.0,91.0,51.0,40.0,0.16195190947666196,1.0,5.0,0.0,3.0,0.0,0.0,0.0,60.0,1.0,-45.0,1,0,False Negative
1017.0,33.9,0.007687637279237136,30.0,10.0,101.7,0.1111111111111111,74.72727272727273,8.319746499634585,11.0,2.0,89.0,63.0,26.0,0.07347814427460446,1.0,0.0,2.0,6.0,0.0,0.0,1.0,90.0,1.0,-46.0,1,0,False Negative
1200.0,16.0,-0.020816743598221114,75.0,8.0,150.0,0.2777777777777778,57.714285714285715,32.800987209301525,7.0,0.0,95.0,17.0,78.0,0.048095238095238094,1.0,7.0,0.0,5.0,1.0,0.0,0.0,60.0,1.0,-24.0,1,0,False Negative
863.0,11.064102564102564,-0.0022389442597879035,78.0,7.0,123.28571428571429,0.28888888888888886,78.45454545454545,11.95293801844246,11.0,1.0,100.0,65.0,35.0,0.09090909090909091,0.0,10.0,0.0,6.0,0.0,0.0,0.0,60.0,1.0,-50.0,1,0,False Negative
914.0,18.653061224489797,-0.06965534341224032,49.0,8.0,114.25,0.1814814814814815,78.75,13.744695946679455,4.0,1.0,93.0,66.0,27.0,0.08615973741794311,1.0,1.0,2.0,2.0,1.0,0.0,0.0,60.0,1.0,-150.0,1,0,False Negative
3305.0,39.81927710843374,0.26984380584692375,83.0,10.0,330.5,0.3074074074074074,66.16666666666667,9.494815172056544,12.0,1.0,77.0,42.0,35.0,0.020020171457387798,1.0,6.0,1.0,4.0,0.0,0.0,0.0,60.0,1.0,-15.0,1,0,False Negative
779.0,8.852272727272727,-0.018966543555292866,88.0,9.0,86.55555555555556,0.32592592592592595,74.0,13.659115219201738,8.0,4.0,100.0,58.0,42.0,0.09499358151476252,0.0,5.0,2.0,1.0,0.0,0.0,0.0,75.0,1.0,-143.0,1,0,False Negative
1462.0,23.206349206349206,0.0036753465442716043,63.0,7.0,208.85714285714286,0.23333333333333334,68.88888888888889,19.554056129384282,9.0,1.0,96.0,36.0,60.0,0.04711962304301565,1.0,8.0,2.0,9.0,0.0,0.0,0.0,60.0,1.0,-57.0,1,0,False Negative
3100.0,30.392156862745097,-0.025301646503769586,102.0,10.0,310.0,0.37777777777777777,66.5,7.724420150837645,4.0,1.0,74.0,58.0,16.0,0.021451612903225805,1.0,5.0,3.0,2.0,0.0,0.0,0.0,60.0,1.0,-153.0,1,0,False Negative
935.0,19.081632653061224,0.05092664890010284,49.0,7.0,133.57142857142858,0.1814814814814815,50.44444444444444,28.644856043935317,9.0,1.0,100.0,4.0,96.0,0.053951277480689244,0.0,11.0,3.0,0.0,0.0,0.0,0.0,30.0,1.0,-25.0,1,0,False Negative
323.0,7.340909090909091,-0.02219824370740632,44.0,6.0,53.833333333333336,0.16296296296296298,64.2,16.817979796766448,10.0,2.0,100.0,50.0,50.0,0.19876160990712075,0.0,11.0,0.0,1.0,0.0,0.0,0.0,60.0,1.0,-79.0,1,0,False Negative
403.0,9.159090909090908,-0.03073853115234408,44.0,7.0,57.57142857142857,0.16296296296296298,83.0,10.653637876331258,5.0,2.0,100.0,73.0,27.0,0.20595533498759305,0.0,6.0,1.0,8.0,0.0,0.0,1.0,120.0,1.0,-39.0,1,0,False Negative
604.0,20.82758620689655,-0.017933634943230168,29.0,9.0,67.11111111111111,0.10740740740740741,81.2,11.256109452204168,5.0,1.0,100.0,72.0,28.0,0.13443708609271524,0.0,5.0,0.0,2.0,0.0,0.0,0.0,60.0,1.0,-150.0,1,0,False Negative
198.0,15.23076923076923,0.09359045746197998,13.0,7.0,28.285714285714285,0.04814814814814815,64.54545454545455,24.508625568822243,11.0,1.0,100.0,20.0,80.0,0.32598714416896235,0.0,12.0,2.0,0.0,0.0,0.0,0.0,60.0,1.0,-22.0,1,0,False Negative
1841.0,14.846774193548388,-0.019822152148079836,124.0,10.0,184.1,0.45925925925925926,45.30769230769231,19.284642488193448,13.0,1.0,82.0,20.0,62.0,0.02461037061797518,0.0,9.0,0.0,1.0,0.0,0.0,0.0,60.0,1.0,-48.0,0,1,False Positive
1393.0,19.08219178082192,-0.08125459883705174,73.0,9.0,154.77777777777777,0.27037037037037037,93.5,1.9148542155126762,4.0,1.0,96.0,92.0,4.0,0.0671213208901651,1.0,8.0,2.0,6.0,0.0,0.0,0.0,60.0,1.0,-4.0,1,0,False Negative
242.0,10.083333333333334,0.01256396885923548,24.0,7.0,34.57142857142857,0.08888888888888889,65.5,17.852793121027933,10.0,2.0,80.0,25.0,55.0,0.2706611570247934,0.0,5.0,2.0,5.0,0.0,0.0,0.0,60.0,1.0,-37.0,1,0,False Negative
537.0,28.263157894736842,-0.1580557707203718,19.0,7.0,76.71428571428571,0.07037037037037037,90.77777777777777,11.08803158565326,9.0,1.0,100.0,75.0,25.0,0.1690461411131802,1.0,3.0,2.0,5.0,0.0,0.0,0.0,30.0,1.0,-79.0,1,0,False Negative
550.0,13.414634146341463,0.03237547187261148,41.0,7.0,78.57142857142857,0.15185185185185185,57.666666666666664,8.286535263104035,6.0,6.0,65.0,45.0,20.0,0.10484848484848484,0.0,11.0,2.0,5.0,1.0,0.0,0.0,60.0,1.0,-36.0,0,1,False Positive
1399.0,31.08888888888889,0.13188700599872477,45.0,7.0,199.85714285714286,0.16666666666666666,57.0,32.56531897586756,5.0,1.0,85.0,1.0,84.0,0.0407433881343817,0.0,9.0,2.0,8.0,0.0,0.0,0.0,60.0,1.0,-114.0,1,0,False Negative
3767.0,39.239583333333336,-0.017680242316858025,96.0,13.0,289.7692307692308,0.35555555555555557,76.0,9.788676203562042,12.0,1.0,90.0,58.0,32.0,0.02017520573400584,1.0,3.0,2.0,5.0,1.0,1.0,0.0,120.0,1.0,-94.0,1,0,False Negative
876.0,15.368421052631579,-0.0013947574101220324,57.0,8.0,109.5,0.2111111111111111,84.2,10.70980858839223,5.0,5.0,94.0,67.0,27.0,0.09611872146118722,0.0,1.0,0.0,2.0,0.0,0.0,0.0,90.0,1.0,-92.0,1,0,False Negative
